CREATE DATABASE  IF NOT EXISTS `kassa` /*!40100 DEFAULT CHARACTER SET utf8mb4 COLLATE utf8mb4_0900_ai_ci */;
USE `kassa`;
-- MySQL dump 10.13  Distrib 8.0.15, for Win64 (x86_64)
--
-- Host: localhost    Database: kassa
-- ------------------------------------------------------
-- Server version	8.0.15

/*!40101 SET @OLD_CHARACTER_SET_CLIENT=@@CHARACTER_SET_CLIENT */;
/*!40101 SET @OLD_CHARACTER_SET_RESULTS=@@CHARACTER_SET_RESULTS */;
/*!40101 SET @OLD_COLLATION_CONNECTION=@@COLLATION_CONNECTION */;
 SET NAMES utf8 ;
/*!40103 SET @OLD_TIME_ZONE=@@TIME_ZONE */;
/*!40103 SET TIME_ZONE='+00:00' */;
/*!40014 SET @OLD_UNIQUE_CHECKS=@@UNIQUE_CHECKS, UNIQUE_CHECKS=0 */;
/*!40014 SET @OLD_FOREIGN_KEY_CHECKS=@@FOREIGN_KEY_CHECKS, FOREIGN_KEY_CHECKS=0 */;
/*!40101 SET @OLD_SQL_MODE=@@SQL_MODE, SQL_MODE='NO_AUTO_VALUE_ON_ZERO' */;
/*!40111 SET @OLD_SQL_NOTES=@@SQL_NOTES, SQL_NOTES=0 */;

--
-- Table structure for table `afbeeldingen`
--

DROP TABLE IF EXISTS `afbeeldingen`;
/*!40101 SET @saved_cs_client     = @@character_set_client */;
 SET character_set_client = utf8mb4 ;
CREATE TABLE `afbeeldingen` (
  `idafbeeldingen` int(11) NOT NULL AUTO_INCREMENT,
  `naam` varchar(45) DEFAULT NULL,
  `afbeelding` mediumblob,
  PRIMARY KEY (`idafbeeldingen`)
) ENGINE=InnoDB AUTO_INCREMENT=2 DEFAULT CHARSET=utf8mb4 COLLATE=utf8mb4_0900_ai_ci;
/*!40101 SET character_set_client = @saved_cs_client */;

--
-- Dumping data for table `afbeeldingen`
--

LOCK TABLES `afbeeldingen` WRITE;
/*!40000 ALTER TABLE `afbeeldingen` DISABLE KEYS */;
INSERT INTO `afbeeldingen` VALUES (1,'braadworst.jpg',_binary '\\\0JFIF\0,,\0\0\XICC_PROFILE\0\0\0HLino\0\0mntrRGB XYZ \\0\0	\0\01\0\0acspMSFT\0\0\0\0IEC sRGB\0\0\0\0\0\0\0\0\0\0\0\0\0\0\\0\0\0\0\0\-HP  \0\0\0\0\0\0\0\0\0\0\0\0\0\0\0\0\0\0\0\0\0\0\0\0\0\0\0\0\0\0\0\0\0\0\0\0\0\0\0\0\0\0\0\0\0\0\0cprt\0\0P\0\0\03desc\0\0\0\0\0lwtpt\0\0\0\0\0bkpt\0\0\0\0\0rXYZ\0\0\0\0\0gXYZ\0\0,\0\0\0bXYZ\0\0@\0\0\0dmnd\0\0T\0\0\0pdmdd\0\0\\0\0\0vued\0\0L\0\0\0view\0\0\\0\0\0$lumi\0\0\0\0\0meas\0\0\0\0\0$tech\0\00\0\0\0rTRC\0\0<\0\0gTRC\0\0<\0\0bTRC\0\0<\0\0text\0\0\0\0Copyright (c) 1998 Hewlett-Packard Company\0\0desc\0\0\0\0\0\0\0sRGB IEC61966-2.1\0\0\0\0\0\0\0\0\0\0\0sRGB IEC61966-2.1\0\0\0\0\0\0\0\0\0\0\0\0\0\0\0\0\0\0\0\0\0\0\0\0\0\0\0\0\0\0\0\0\0\0\0\0\0\0\0\0\0\0\0\0\0\0\0\0\0\0XYZ \0\0\0\0\0\0Q\0\0\0\0\XYZ \0\0\0\0\0\0\0\0\0\0\0\0\0\0\0\0XYZ \0\0\0\0\0\0o\0\08\0\0XYZ \0\0\0\0\0\0b\0\0\0\0\XYZ \0\0\0\0\0\0$\0\0\0\0\desc\0\0\0\0\0\0\0IEC http://www.iec.ch\0\0\0\0\0\0\0\0\0\0\0IEC http://www.iec.ch\0\0\0\0\0\0\0\0\0\0\0\0\0\0\0\0\0\0\0\0\0\0\0\0\0\0\0\0\0\0\0\0\0\0\0\0\0\0\0\0\0\0\0\0\0\0desc\0\0\0\0\0\0\0.IEC 61966-2.1 Default RGB colour space - sRGB\0\0\0\0\0\0\0\0\0\0\0.IEC 61966-2.1 Default RGB colour space - sRGB\0\0\0\0\0\0\0\0\0\0\0\0\0\0\0\0\0\0\0\0\0\0desc\0\0\0\0\0\0\0,Reference Viewing Condition in IEC61966-2.1\0\0\0\0\0\0\0\0\0\0\0,Reference Viewing Condition in IEC61966-2.1\0\0\0\0\0\0\0\0\0\0\0\0\0\0\0\0\0\0\0\0\0\0\0\0\0\0view\0\0\0\0\0\0_.\0\\0\\\0\0\\\0\0\0XYZ \0\0\0\0\0L	V\0P\0\0\0W\meas\0\0\0\0\0\0\0\0\0\0\0\0\0\0\0\0\0\0\0\0\0\0\0\0\0\0\0\0sig \0\0\0\0CRT curv\0\0\0\0\0\0\0\0\0\0\0\n\0\0\0\0\0#\0(\0-\02\07\0;\0@\0E\0J\0O\0T\0Y\0^\0c\0h\0m\0r\0w\0|\0\0\0\0\0\0\0\0\0\0\0\0\0\0\0\\0\\0\\0\\0\\0\\0\\0\\0\0\0\r%+28>ELRY`gnu|\\\\\&/8AKT]gqz\\\\\0!-8COZfr~\\\\ -;HUcq~\\\\r+:IXgw\\\\'7HYj{\\+=Oat\\2FZn\\		%	:	O	d	y				\	\	\n\n\'\n=\nT\nj\n\n\n\n\\n\\n\"9Qi\\*C\\u\\r\r\r&\r@\rZ\rt\r\r\r\\r\\r.Id\\	%A^z\\	&Ca~\1Om\\&Ed\\#Cc\\\'Ij\4Vx\&Il\Ae\@e\ Ek\\Z\Z*\ZQ\Zw\Z\Z\\Z\;c\*R{\Gp\\@j\>i\  A l  \ !!H!u!!\!\"\'\"U\"\"\"\#\n#8#f##\#$$M$|$$\%	%8%h%%\%&\'&W&&&\\'\'I\'z\'\'\(\r(?(q((\))8)k))\**5*h**\++6+i++\,,9,n,,\--A-v--\..L...\/$/Z//\/050l00\11J1112*2c22\3\r3F3334+4e44\55M55\5676r66\7$7`77\88P88\99B999:6:t::\;-;k;;\<\'<e<<\=\"=a==\> >`>>\?!?a??\@#@d@@\A)AjAA\B0BrBBC:C}CDDGDD\EEUEE\F\"FgFFG5G{GHHKHH\IIcIIJ7J}J\KKSKK\L*LrLMMJMM\N%NnNO\0OIOO\P\'PqPQQPQQ\R1R|R\SS_SSTBTT\U(UuU\VV\\VVWDWW\X/X}X\Y\ZYiYZZVZZ[E[[\\\5\\\\\]\']x]\^\Z^l^__a_``W``aOaabIbbcCcc\d@dd\e=ee\f=ff\g=gg\h?hh\iCiijHjjkOkklWlmm`mnnkn\ooxo\p+pp\q:qqrKrss]sttpt\u(uu\v>vvwVwxxnx\y*yy\zFz{{c{\|!||\}A}~~b~\#\G\nk͂0W\Grׇ;iΉ3dʋ0cʍ1fΏ6n֑?z\M _ɖ4\nu\L$h՛BdҞ@iءG&v\Vǥ8\Zn\Rĩ7u\\\ЭD-\0u\`ֲK³8%yh\YѹJº;.!\nzp\g\\_\\\X\\\Q\\\K\\\F\\\Aǿ\=ȼ\:ɹ\8ʷ\6˶\5̵\5͵\6ζ\7ϸ\9к\<Ѿ\?\\D\\\I\\\N\\\U\\\\\\\\d\\\l\\v\ۀ\܊\ݖ\ޢ\)߯\6\\D\\\S\\\c\\\s\\\\r\\\\2\\F\\\[\\\p\\\\\(\\@\\X\r4\P\m8\W\w)K\m\\0C\0		\n\r\Z\Z $.\' \",#(7),01444\'9=82<.342\\0C			\r\r2!!22222222222222222222222222222222222222222222222222\0  \0\\0\0\0\0\0\0\0\0\0\0\0\0\0\0\\0Q\0	\0!1AQaq\"2#BRbr3CѢ\$DScs\\4ET%U\\0\0\0\0\0\0\0\0\0\0\0\0\\09\0\0\0!1AQ\"a2qB\R\#3C4Sb\\0\0\0?\0\\\0\0\0\0\0\0\0\0\0\0\0\0\0\0\0\0\0\0\0\0\0\0\0\0\0\0\0\0\0\0\0\0\0\0\0\0\0\0\0\0\0\0\0\0\0\0\0\0\0\0\0\0\0\0\0\0\0\0\0\0\0\0\0\0\0\0\0\0\0\0\0\0\0\0\0\0\0\0\0\0\0\0\0\0\0\0\0\0\0\0\0\0\0\0\0\0\0\0\0\0\0\0\0\0\0\0\0\0\0\0\0\0\0\0\0\0\0\0\0\0\0\0\0\0\0\0\0\0\0\0\0\0\0\0\0\0\0\0\0\0\0\0\0\0\0\0\0\0\0\0\0\0\0\0\0\0\0\0\0\0\0\0\0\0\0\0\0\0\0\0\0\0\0\0\0\0\0\0\0\0\0\0\0\0\0\0\0\0\0\0\0\0\0\0\0\0\0\0\0\0\0\0\0\0\0\0\0\0\0\0\0\0\0\0\0\0\0\0\0\0\0\0\0\0\0\0\0\0\0\0\0\0\0\0\0\0\0\0\0\0\0\0\0\0\0\0\0\0\0\0\0\0\0\0\0\0\0\0\0\0\0\0\0\0\0\0\0\0\0\0\0\0\0\0\0\0\0\0\0\0\0\0\0\0\0\0\0\0\0\0\0\0\0\0\0\0\0\0\0\0\0\0\0\0\0\0\0\0\0\0\0\0\0\0\0\0\0\0\0\0\0\0\0\0\0\0\0\0\0\0\0\0\0\0\0\0\0\0\0\0\0\0\0\0\0\0\0\0\0\0\0\0\0\0\0\0\0\0\0\0\0\0\0\0\0\0\0\0\0\0\0\0\0\0\0\0\0\0\0\0\0\0\0\0\0\0\0\0\0\0\0\0\0\0\0\0\0\0\0\0\0\0\0\0\0\0\0\0\0\0\0\0\0\0\0\0\0\0\0\0\0\0\0\0\0\0\0\0\0\0\0\0\0\0\0\0\0\0\0\0\0\0\0\0\0\0\0\0\0\0\0\0\0\0\0\0\0\0\0\0\0\0\0\0\0\0\0\0\0\0\0\0\0\0\0\0\0\0\0\0\0\0\0\0\0\0\0\0\0\0\0\0\0\0\0\0\0\0\0\0\0\0\0\0\0\0\0\0\0\0\0\0\0\0\0\0\0\0\0\0\0\0\0\0\0\0\0\0\0\0\0\0\0\0\0\0\0\0\0\0\0\0\0\0\0\0\0\0\0\0\0\0\0\0\0\0\0\0\0\0\0\0\0\0\0\0\0\0\0\0\0\0\0\0\0\0\0\0\0\0\0\0\0\0\0\0\0\0\0\0\0\0\0\0\0\0\0\0\0\0\0\0\0\0\0\0\0\0\0\0\0\0\0\0\0\0\0\0\0\0\0\0\0\0\0\0\0\0\0\0\0\0\0\0\0\0\0\0\0\0\0\0\0\0\0\0\0\0\0\0\0\0\0\0\0\0\0\0\0\0\0\0\0\0\0\0\0\0\0\0\0\0\0\0\0\0\0\0\0\0\0\0\0\0\0\0\0\0\0\0\0\0\0\0\0\0\0\0\0\0\0\0\0\0\0\0\0\0\0\0\0\0\0\0\0\0\0\0\0\0\0\0\0\0\0\0\0\0\0\0\0\0\0\0\0\0\0\0\0\0\0\0\0\0\0\0\0\0\0\0\0\0\0\0\0\0\0\0\0\0\0\0\0\0\0\0\0\0\0\0\0\0\0\0\0\0\0\0\0\0\0\0\0\0\0\0\0\0\0\0\0\0\0\0\0\0\0\0\0\0\0\0\0\0\0\0\0\0\0\0\0\0\0\0\0\0\0\0\0\0\0\0\0\0\0\0\0\0\0\0\0\0\0\0\0\0\0\0\0\0\0\0\0\0\0\0\0\0\0\0\0\0\0\0\0\0\0\0\0\0\0\0\0\0\0\0\0\0\0\0\0\0\0\0\0\0\0\0\0\0\0\0\0\0\0\0\0\0\0\0\0\0\0\0\0\0\0\0\0\0\0\0\0\0\0\0\0\0\0\0\0\0\0\0\0\0\0\0\0\0\0\0\0\0\0\0\0\0\0\0\0\0\0\0\0\0\0\0\0\0\0\0\0\0\0\0\0\0\0\0\0\0\0\0\0\0\0\0\0\0\0\0\0\0\0\0\0\0\0\0\0\0\0\0\0\0\0\0\0\0\0\0\0\0\0\0\0\0\0\0\0\0\0\0\0\0\0\0\0\0\0\0\0\0\0\0\0\0\0\0\0\0\0\0\0\0\0\0\0\0\0\0\0\0\0\0\0\0\0\0\0\0\0\0\0\0\0\0\0\0\0\0\0\0\0\0\0\0\0\0\0\0\0\0\0\0\0\0\0\0\0\0\0\0\0\0\0\0\0\0\0\0\0\0\0\0\0\0\0\0\0\0\0\0\0\0\0\0\0\0\0\0\0\0\0\0\0\0\0\0\0\0\0\0\0\0\0\0\0\0\0\0\0\0\0\0\0\0\0\0\0\0\0\0\0\0\0\0\0\0\0\0\0\0\0\0\0\0\0\0\0\0\0\0\0\0\0\0\0\0\0\0\0\0\0\0\0\0\0\0\0\0\0\0\0\0\0\0\0\0\0\0\0\0\0\0\0\0\0\0\0\0\0\0\0\0\0\0\0\0\0\0\0\0\0\0\0\0\0\0\0\0\0\0\0\0\0\0\0\0\0\0\0\0\0\0\0\0\0\0\0\0\0\0\0\0\0\0\0\0\0\0\0\0\0\0\0\0\0\0\0\0\0\0\0\0\0\0\0\0\0\0\0\0\0\0\0\0\0\0\0\0\0\0\0\0\0\0\0\0\0\0\0\0\0\0\0\0\0\0\0\0\0\0\0\0\0\0\0\0\0\0\0\0\0\0\0\0\0\0\0\0\0\0\0\0\0\0\0\0\0\0\0\0\0\0\0\0\0\0\0\0\0\0\0\0\0\0\0\0\0\0\0\0\0\0\0\0\0\0\0\0\0\0\0\0\0\0\0\0\0\0\0\0\0\0\0\0\0\0\0\0\0\0\0\0\0\0\0\0\0\0\0\0\0\0\0\0\0\0\0\0\0\0\0\0\0\0\0\0\0\0\0\0\0\0\0\0\0\0\0\0\0\0\0\0\0\0\0\0\0\0\0\0\0\0\0\0\0\0\0\0\0\0\0\0\0\0\0\0\0\0\0\0\0\0\0\0\0\0\0\0\0\0\0\0\0\0\0\0\0\0\0\0\0\0\0\0\0\0\0\0\0\0\0\0\0\0\0\0\0\0\0\0\0\0\0\0\0\0\0\0\0\0\0\0\0\0\0\0\0\0\0\0\0\0\0\0\0\0\0\0\0\0\0\0\0\0\0\0\0\0\0\0\0\0\0\0\0\0\0\0\0\0\0\0\0\0\0\0\0\0\0\0\0\0\0\0\0\0\0\0\0\0\0\0\0\0\0\0\0\0\0\0\0\0\0\0\0\0\0\0\0\0\0\0\0\0\0\0\0\0\0\0\0\0\0\0\0\0\0\0\0\0\0\0\0\0\0\0\0\0\0\0\0\0\0\0\0\0\0\0\0\0\0\0\0\0\0\0\0\0\0\0\0\0\0\0\0\0\0\0\0\0\0\0\0\0\0\0\0\0\0\0\0\0\0\0\0\0\0\0\0\0\0\0\0\0\0\0\0\0\0\0\0\0\0\0\0\0\0\0\0\0\0\0\0\0\0\0\0\0\0\0\0\0\0\0\0\0\0\0\0\0\0\0\0\0\0\0\0\0\0\0\0\0\0\0\0\0\0\0\0\0\0\0\0\0\0\0\0\0\0\0\0\0\0\0\0\0\0\0\0\0\0\0\0\0\0\0\0\0\0\0\0\0\0\0\0\0\0\0\0\0\0\0\0\0\0\0\0\0\0\0\0\0\0\0\0\0\0\0\0\0\0\0\0\0\0\0\0\0\0\0\0\0\0\0\0\0\0\0\0\0\0\0\0\0\0\0\0\0\0\0\0\0\0\0\0\0\0\0\0\0\0\0\0\0\0\0\0\0\0\0\0\0\0\0\0\0\0\0\0\0\0\0\0\0\0\0\0\0\0\0\0\0\0\0\0\0\0\0\0\0\0\0\0\0\0\0\0\0\0\0\0\0\0\0\0\rf!L\'_\8\\\{A;sjک-d\(Χ`a=d/\0 d\\B\G1P\0yJ?8\v\maB\\'Y/vʞZ/sK\)}95\zQ\\yM(\wۧS\j́-\=V3N>\m\?C-Fҗ\3PY֋]\"\k\k2@n>Rx\Z\cYu5gO\Gc*;~\F*\Um\"b\rFX\&\	\\&@a\xn1av\%F\2k\0\0\0\0\0\0\0\0\0\0\0\0\0\0\0\0\0\0\0\0\0\0\0\0\0\0\0\0\0\0\0\0\0\0\0\0\0\0\0\0\0\0\0\0\0\0\0\0\0\0\0\0\0\0\0\0\0\0\0\0\0\0\0\0\0\0\0\0\0\0\0\0hs&s\Nߥ\q*6\aK]\0\\_ 8\dGVG-\1y+\~\y\.\v3\oq\\\o4e\An\D\\\r\R\\\\Iٝci>!g\0˜X/\\X\>Og\<\rh?\~+مq1T\\\*\E\o~Z\Ŕ9#\55iT7\n$\i\i\IyPJL	J\0\-/n-\0I^4\\OЭu1Wh\\7d^\ΚkN^\Z\0.5Zִ[\\ew~OV}e\ZuJ/\׌8\\Qwx\d\o\0&G&}a\'\_|1\I_IFK\&\3l;\\ҸֵcS\=}\r#5\'\Y\hE/pO\n}awi4\0FP~\-\Y-sN\\;?\	Bo\occsuh\I\\H`c`|\\\Z\=\=\6\\c\Kw-іމ0%ԫRN5(ԍJr\	&\0\0\0\0\0\0\0\0\0\0\0\0\0\0\0\0\0\0\0\0\0\0\0\0\0\0\0\0\0\0\0\0\0\0\0\0\0\0\0\0\0\0\0\0\0\0\0\0\0\0\0\0\0\0\0\0\0\0\0\0\0\0\0\0\0b6xU[\VִcRYn\+\\\\neV\(\\\V?I/\ǹ\,06]\]-WRZԼ\O>2\\&zc-ia[3\-R!Z\Nb_\W\^/g]8\\,ð2\\\\ |\[^\;tV{^wM\t\6\#̙J1ZɤY:klj!ɹ\e9k\r#\X8\\\g9\\Q\ĻwTփ)~dF|\t\IF/Vw)\T}tޱX#\'/dC\xSW)q\whqe\O\\\\d\\\4:S\\Q^^>\\\3佷b<\\<N\hm~~\|{\|\"{׳Ze\.=\:U\+yh_d\\\;Vk:Mf-Ą\0pX8T8\j\#x\r1\-stR\B\Uu/\^ޖ_X\kA|t~ɴyg8c\\v	\\\\\7\.ȬRqZ|[&\L_\X-\9M\\\/[xsY\5ESĮ\宺\֔>:2\O0}\l/v7V5n\tQ\u`\):\1\\u-j*\v[|XڶJ\co[Q/\\kFZ{Z\'\RN8ԥR5!.*Pi怬\0\0\0\0\0\0\0\0\0\0\0\0\0\0\0\0\0\0\0\0\0\0\0\0\0\0\0\0\0\0\0\0\0\0\0\0\0\0\0\0\0\0\0\0\0\0\0\0\0\0\0\0\0\0\0\0\0\0\0\0\0C~Y\Xm\Ì\K\\~X)\vB\5CK\\>n0\jZsDZ\Xܦ\"fu	[\ݭ\.ss\P\\i\\\?O\\˛vhwb\Dwt\OM\'\\g\MmֽmsN\kRm\]F@\\BJ\c*o!w\"&|0]\:\Jq#ˇ\a|\\m\\^\IԝIk99>	-b\"<) b\VJ1\\\Zk\ZV\){LxUiVZm\\\%&f;׾tF	\ͲuF\QlBu^[=\Z2ɏtm\i1e)Umt\E{2y~\\\󯋵Û?;״\!\\w.\\'N}OK>{\-z/#&;cZy{2\c\r\O\¢\z\\7\[Ƭ^ԝ\\L\'5*vl1G\\Q\0_\\yx\\;\\Ş\>SRq\9/3\r\~j\\z\_U\y/	\VqG\n\i\p\\ՄMVk0Vh1l1\\\vUg.u#Or\z\|JJ\	\/\\K\\Z\5&\\\D\FjޕK<F\\\\\0z/Sh\V|8&+q\\nN8yh֫E	rXm\Y\LyZ\1\_axݜ\Z\r|Rz2\Op}g\\3v77ؕ5\uEoi\\0H\wa\6ϓkQUuP\'>\N5|zڍI\Z/^\kD5\\\RZ5!RNRO\p\0\0\0\0\0\0\0\0\0\0\0\0\0\0\0\0\0\0\0\0\0\0\0\0\0\0\0\0\0\0\0\0\0\0\0\0\0\0\0\0\0\0\0\0\0\0\0\0\0\0\0\0\0\0\0\0\0\ZLٚp쟀Wű*SN/ګ7\\~W\\\\;m36tjvػ\\Y[\)^-JM\P\9o,Y\\M\IUZ\qr\w\3fY\\\\\㷖Ū\j!ZjGZ{6*v\zXQ^n7\L\u./)\.zvw:n\~Bzu)\ݩ=KVӺƖLGu҉Q*\\\\h\\"f#ʴZ@-TV[ӏ\/\\j%YOQ:IF\"fמSSN\Yn\i\mՍ\hw\\Z\-yڟS\'[\U\'J\\\\\hs,łR:7t\F_S_\G\qy\<^F\mD\%\[,\7G{t\aI*ӏQ}\\0\'/&\\ZC\JxVF\\5ҡ\rޚ\\]r<\OT\\\\"x\";\{J[\n\\z>k5Z\'ĲX\0Q8k\na>WcuQs\^%\\\\\kԴ^s\\Z\\hZ%Y²ʼT\$_8)H\/\;\\n\T:#\\\\r5/\\Rq\PL[\\ޞ\ZI\XV6&}a\Aqmf?zVq\Zk3\55\"\\ `\p\˻FOFQO5D&&<ñW\aݜ\[z҇\\!9\6\0\տM}[*Ow)=#eǶm\-?\um#bFX?yFP\0\>Mpgũv!kw\r5\޴g03@\0\0\0\0\0\0\0\0\0\0\0\0\0\0\0\0\0\0\0\0\0\0\0\0\0\0\0\0\0\0\0\0\0\0\0\0\0\0\0\0\0\0\0\0\0\0\0\0\0\0\0\0W7l\\\T*4\R1KVߐ m<^\5j;\nS\l-\\zo5\]DL\F\13MZp\;ʩ:Wo\]\י\g\9mzxqF8\\r1n\\5L=\\U)6ܥ-[\\9{ˣ\\0\0\W*Ҕt׋:鞱Xcls\.ړEBOW>K\\iX\i]J\\DEi6Bfb<\B7DZYԑ1>ԧ\Z\%\\n\k;cqgg\www\n\'.ؗ[:b\3V\\V7\7_apF{\kV}KN^\`}1Y;\yٹ\N\[\\y?w͗P\1e\S\\\?]\\\u\t^rdqv4S\/ۖ1uOaKS\ji\쯃+NcNַ*\{ 85\tu^\\ҔR):z%\tִj\Z\\,\\+\0K\\aumn#\t妫Mw2mXjUv\\\k\\\\A[\\\nCZ\p\\Lw+\\g{kZ\\\\ŽEjҚ_8\&\'R\D\\|\0\0Ԝ=\4LL\&\"|\\kR-\'/F\\Mz}cRdh&UjA\qR\-S\vq1\w\FԷ/44㬡\ޖ^Y\hƴW5L\9\V)|\g+\Z8%NG7\=r)>TV/\y\F+(R\zFJωg5iiUoUN\NyJ\růt%^\ssyBh\'L3\-t}*S~i\\\\rH\\wV\'\[7\Щ\Z|wX\;m9\~\\չ8i禞J\36f\\^J\$	\\0\0\0\0\0\0\0\0\0\0\0\0\0\0\0\0\0\0\0\0\0\0\0\0\0\0\0\0\0\0\0\0\0\0\0\0\0\0\0\0\0\0\0\0\0\0\0\0\nAgkkK)XUҭxҋ\a\\@\\.Sx\\=kd\%\\^g\\\0\\\\\tC\Di-\z5+V\Zpr~m3Mb=|-<N.\.^^k\S/\f2\\\\h\I\Tߧ86Z\\)Lq\X\\"Ii\\gs4x\0-գ\n\Q\NEy\5(Q\ӹ\"\"<4ea\v׳I>]\^O|\Mqv.m\wx˯wU\_UrQ]u,4\^C\ɖ\\'v,%8\89)u8&\\g\2V%ck.=%\i\o\94o2ژ-o\{=\x#Z*\\]5t9|u8\>^>5c\m+eV\Vq^ݭ\N\\0p\\'Su\\rƬ\x\F^s\4$޽\\O\\)\cß/\'9Bop:wBtռ?\z\$n|v\Ѧnu&\\\ɾ:\5hEoj\\],\\\\r\1Z:sA9R}\>|8p\;\ُ,\V)k7T%ʥ/NG5KF\B\0\0\0\0թRd\\+5]\׼-gz.\\\-\'Ƥ%\\2\1*Mf<%\ˇ\ZK,\X\p{Jr5-xf(%<\\\\\\\\=>\Fȼ)8jb?\'=ef!uoh\\9>\DR\0ay\\y\\\.]\r~SH\9\'\9\\e\F1\\\\n.q\Ti)>%^h*ѭoSr9Ӛ\\\Zڭg\a\\rTngO@$\;eϖ\Z(\+\}[P\־Il~Qy\\.ڡ:rH\R\ZJ\0-Tl])zJ+Ee\\	+8\ߠ\@H,Ð\R\\4)\^\\0\\0Y\칈$\\2|;7\\r*B\(\/\V\0\0\0\0\0\0\0\0\0\0\0\0\0\0\0\0\0\0\0\0\0\0\0\0\0\0\0\0\0\0\0\0\0\0\0\0\0\0\0\0X\)m`ܷm\hʬ\rZ\\ >4mh+\\'t\RKo\1\\<:#s\\ceB\zqIGR\-Q\|u\Uo5\yff\_Oe%R_\$ߡh=ןV\Zv:P\"5\g~W	=aJ-F\Z6\:u~\\\?%<\p\0JNmSMz\\o7Muvǹ\\Ih\];L%\\"5GRjw\RG]\0/qr_/駟\\5*NIT9Nrz\Rz\r\"\"5\"ffw)^[\17+\3^_v<\\w\\V\\\xm~\̷ҕ*j\<\TJu5\\\ys=;q<C*\(rV\i\\\\1Z\\U$\99I0\#^\8ӃމZͧPL\w4ӭ\\Ni\\jyDZ\'\˛Z]0M֨^ԝ\u(+hգh+\MJ_kEY\)uyO^y\(T,\վVti\\>0\\K]4Zs=hk\Mgzwl\0[\\ZƯ+CڤnQ\R\~|\03\;\U\*\wQB\ \`\"u[\_\\n{-nM\"{wI0,\$W\\NJ	ʫ_婕^a2\%3h\0\0\0\0\0\0\05\'vMy0J\n\.z2z\I\֋^\\)]zR\x\&iɧ\JI×\0,\Z[^Cr\ލxUP~gy?\\˘~R\\\ZUge\vKס{h\\e\xVp\<a\O\X\.\^\3ML¿\'\\^|\i<cت)\oїM}a_-\r\\3nB\/P~^3\Uvh\6{,u\$\\A\|cx\IW};:\\ugqAU(hLOj^[_\Y\[m*?%\r\\sJ\2\.JW2KP7\{o϶)b\mM?fiðڡ8?I5\\\-\R]w\\\\lKivQHlː\QǩїٯF?W=@\\ܻ,w\rou\Z\\II\'}h@\0\0\0\0\0\0\0\0\0\0\0\0\0\0\0\0\0\0\0\0\0\0\0\0\0\0\0\0\0\0\0\0\08\\1<?)\`\\JD\d\`CvT\\\k͙\}\ZcWn3jO\h[\\\\F\'\\\\\\\0\\3\n%P\Y\f\3\0ռq\+ou\(\\0f\F6>!Z#W%NwuK}Mx3O\0!\j\rDLOMpֶBw/(\'*2uؽ|l_\~\\qxi	S\\%\KFB&-\0\0\\*\\/\.\ω\p6z\\q\_?\\plG0_\\֓\R\\|\\n^Mkk\gRf	k\%;}7ܟ7\\0J<?YH+\\7}*e(I;\<\_%xv\)_-cM6ѮhŪZѩ\\\\Q+*3jA\kXbf&7\TҡN\^oRm{[\\"x5e\\.{m{\S]\8\:ys\n\u\k\bNCm\n0|\}\qx\3roH˃\KG^\ڞ)j\GsST:\.\u&\;\Χ)K\x\(5\y\\\\Ђ#`zjiLt\K^מ\\\\ob*\*Z#\\W戌\\u\x\NT\n2\ɦj\2v%\Zj\0\\r\\\\\|v\jg}]+ۖ\rvOaS/I|\~\\4\V3\Y\)\\x\\\Jr^1\-ڿ\[xȪ\\0\0\0\0\0\0\0\\H\'UV}-\*\8\\Wɓ֯\WT6׊\'vVS|\t\\Rii\@.@y$\K\\PF\x;\ԵE\%h\Yo5\2\)\\0њ\ʫGwpBW\\y/\Lr.ɫEwx\\̳\7ԫ\\E>ho>Ox\4ݞ1W\U\\\\&ɖb\\\W:\]t.`Lg\_dlՆ\󬿉A.rVQx\YW}:jЛZr%\3Ժ,o\Zv8\\\\n\a^\Xs]`nc\Z\7\\rFf[}#\ב]pR\'\^L~p\O\*Rh_#j\'\Zݍ`R_ùn׳\\|\0RJ8ԣR5)ˊ$~h\n\0\0\0\0\0\0\0\0\0\0\0\0\0\0\0\0\0\0\0\0\0\0\0\0\0\0\0\0v\1\*\\OZX}\Zv]Z\/Yi\[ن\4\u黙WwLm=\\5	si-[\[sz\\)\\ό\\gu_Y\0\ł#w\\\\:\r}5\Oj\r+UWiq8\u4W\r~#[\m/fkޏ:x៧ǲ\i\0\\:UV\)#\gjUNئ\jf.*\%^~\>v\txa\\_DCʗy\q:\(Yԓֵ+]g7\'1\\\\|\?\\K-l\a\֭^\\{\/?\"z\XF\S\\3)\bl\_ů\?%\||LX7?w=/\ݯeh.\\b\\m\JQ)\\}d\K~G7#\\o<㟳T\\JN&d5xzq\Z\YkiV\?\\;\_ˌM{˜\\׼{VoYJOV\v#y\wi\\\\+\Y[U.PY6V7(\Ρ\]MB796\d/-N,ȯ\uc\\d\\`~Ea\-4ut\\'\3\\˛}\\_\\%us\\j?f\lt֕\0ñ$uiNr]-\|Q|\\,<\\+)\_\_\1|S\%\'\\0\?\\Z˘*t\:\۪\\zXr~[8q\\5\ԣR5)NP^Qz5\tkl\ePη!☽x\Z\UI\]R\\|;O;c̞=Lwj\Wл\_VOIB\*QMS\\R/iC\S\)[\R\.[\"JWsIU\n\\)Ӓ-bb|.\0\0\0\0\0\0\0\0\0\J\)\\N\0\\\_[_OT\Uj\}j,G˅JOZ+\]\|ԑ=p*\\'D\:,UN?w\nϲ\\\@\ˇ.l\o`\umB\/N3^D\xD\%ٶMķ|e.rI\0H\xVq\QlG`Z\WgsYK*ɷ=O\\RYܮק*Oⷑrc\3\\,\xB`u\S-Zë5ԟU&J\ZeJ9өpZkɚ(\³1\U0N\\Z\Rz0:.͸c1(\\W\ã\`u\\R\%[	|?\={\ :m\.m.)\\P\5iMN2k\0\0\0\0\0\0\0\0\0\0\0\0\0\0\0\0\0\0\0\0\0\0\0\0\0\0>\Z\W\\3/y󹽫(9=4\kh\\ֱZFSK\/\\t\\\\\O\|\uu\0\0\0\\z/B{\2\ZCé\6=\_e\x&@%iq\n`\\Z:E\fu>\M#{m6F\Vb\4\TܥJ=Z\鯇?{+b\\\}g<\[\Ǥ:\\'vth\K\\D\\ғ3\%Zѯ\\̙\\uoV[G\O|-|NȦ)u9s;\ي\\ӥV\\E\S\SKvv\ne΋\wIY@̶Y8{u-ܷ\&y|7\\\cp\8:΢V;$\)/MY\r[_2]rW}\N?4濚o\a~Uk/\.\\pd\?\\)\*WʥI\ɿ\{C\\̪Μ/3۾*\/\g\}_ǛZ~W^.-\;aZ\mKmk)w\\\'/.חZ\򣋭Zr.KW\0+ڙo:vaQu*J	o=L\:cq*\&\Rȯ]Pz8c\u\\1T*Ԕ\i>E\\:\"wb\xm\]\\\݂\)\i[T2\(ݜ\\78Bת_\{~0>\#?*{x>s\]\N\W\/+s\7Lj;9\1\\9\0f\]ݸZ򅝺ܤR\\\+L4\\ \k\/Rª?v3\T[L\c\\o14׸^!Օ;\:%\rTE뒖-KW\(\/p%\{i5-5򈙏	f|\hj/uN5=Z\\\\ls\ֹGW\\-v\ެ\F6\G\\ë\\\\\00h\q\n\\ZqEW{\S&>k{u\\\oLK0`=jt,R\ҥN0z-\WyZ㵿,&\+_2ȵ\䝥\\F_\"kh	V|K/G\%\ \0\0\0\0\0\0\0\0\0\0\O? JUW\'?Rw(\U\k=RWs\\\Y=r\n\\\d\\\\'\׊\'vVӗ)=PǢʀ`\X.\t<:\\)\\\LZc\&.}l3+bJS\\s\|WE.\\~\rWhݔ\\bYSeN+o:ڽ*%\\᩽s\|elV:oZִ\ץRX=%\nq_z|m̯ui-ua-a?\;LBZ]ʝkV^^\źoC\w ;e\!iN\\\ŽX\SJjQ\Ms\0\0\0\0\0\0\0\0\0\0\0\0\0\0\0\0\0\0\0\0\0\0\0\0Ǿ|>\:R6¸bu5>.\5C\{g;m\To?6nVI\0w5H[8\\0\0\0\0z=P1u3\;oZδ#:|$RO\'\~\w~\0?\\ɯxh}+#-\w\WN\\ABNPބ\\晎L]s\#J2B^\\7J.0݆\![\c\\;\\6&&\Mt\o\\Z\-\Ub\/\\\V\k>\+ദ|\Ek=ǟ\\O\\\O\\\\DST?\\n2#JTRkUB}oq=L7iy[$\?\OL2Kv֓\0\ns󭓴xzxyR\MΤ\\\\♙\nHU%\u2\U\Ĕ\Җ \\Qlje1X\hsfiT\j\5\\ׄ;\\/٧{U\\\Wj;˚\\\\\2*%\b=\x뎽5Cǽ\y괬$\\I$\yocNҭԇ\\wCzyd\5ѶZ{Γ/dn[Y\\*VT_#\\˝\\\\a\F\\\/usR\\9p\5\*\^F\¯5u(6c+CzrsS\Y[+y\r\rg*\\n!\\^\\\\\e<\V<8S\okʮ?*B\\0:ݍygn.|:3\4,p\\<ݶK\\">y8%-(ǹb\z\i\G,,SZT\\&\Z۲\uomZ\ؒJ3\Q&V\V}`\l-}CNJ\\JϘZ/h-;\Jܒ\0kSd\\9^3dVֆ\s\\\\\0k\B\\\\r{\Vb\67X1JƆKXSN%\OW-R\|ɟ)1Zu`\{\\\\[p\7kXCOU;\p4\\W{\\_f7iҗ\DN\Co\&\\\?\0r̈\\\\\\\\?q츶a׀\\01\0~\n}\?\0\r\\0G\\\\{(\m>_n#S\\ǲCvwqi\[`7\r2\\\\In[}L\/1\\Zc\9\'Q9\kX~Zve:xe_oJT\\\ܹu7\nЌjն\g;\	\\Dp\\\ywk\8VOrv\06NF\i\\U<z\	Ri\0ʑx\\Eg6Ij.3N`u\Fj\ܼcxf2\x#\'o֗\'\O\,_Sr\kD\=[{M\:,~\V}\"\0\'9Z3^=Rl7n9ե}me}\\\Ǉtוx`\n˷\4\Z8uG\Mt1\\s߉xݽyU=\p^\\\a״.\5ӗ\jڳEo\\RyIFӨ\\Տ\\ĴZUVWcy-Vq{.\✾%\*M-\(\\f/Rzi\Znԇ\\_\\a\Zv+U\\I%^~Z>㪜\s\Ǉ$NtjJHJjQѦ:Y%Y\'hx\FU0%\k:u;\^%g<\_;\j\ւJ\֣]%wƸ?\0I\0\0\0\0\0\0\0\0\0\0\0\0\0\0\0\0\0\0\0\0\0\0M\8\\ݵ]?\W\\jЗ\IgI\&\&9\-u\\X-S\Q?^O<11\>\0X\LOӨ\0\0\0\0\0\\m\~-\\}\\?\0TL0\v}\0\0\0\0\"\8\\yfݝ\OFo\uXܫi\8\R\F3lŘ*NnJf\R\OR\\ĶKLVbU\Xn\\j\\YTx\v4zϚ\kͧ\y{\H\\qJUF[#ܭh\ij\\t\\"rVfYF+\Zu$\\&\E\^\(\VU(\g\ \-\Z\\R]8|?\\0w+\oR\TJ\\'\'lb\"#P&fgr\ݞc\\\L>ߣy[X҇rY/A3#on\\L+ϱ4\\\E7#\\lQ3\.ev\!\X\row\"\\\ӊ}܌Fr\;}F\\\i5\GǼt/վ̫^].\מ9zz޻6g;6i\\R\\\\0/g+\c\ooOzz\Wg<\Ʊ,}\XB2VicA=\x.>nOV\)7+ͦݓlQ\W5i	q}\k\\{\Ǜqqfߙ3%kh\\tcgkU5ӗ\yyzxEcWRK\מR\\"\%\O\\\:վމ/\\99ť\\>k\r}\Y\\N{HR\)*K\oə\w,\ T,\|~6\zY\N|jV5\S\ICܬڴ\ȴV\{BK\\9s\0\2(ǔ\t\\oW\LXu=vLbe{\+\*\Τ\"k\\nDc\\LXf\\[\CYc\\\x\R;â)j^\\'N\Zw\\\\0+\?\\\0\\\0E\0q\0\0<{>SJj)jۤ/1H\O\|\F=jwa\'\\\\35ݣNDoQ\8\1\Yf9[-UJrF\֨׵\Zo+\\\Ӈ>8\.u\CY\\^\7!<Ogo4\Zp\NK\=S\>͙g\\>о4\\6yG\+\Ar\*_}%g\Ӻq\i\\\[ߎ\e<Di<1\̥a4t\\m]nOKH\\Tm-\q_\k\+!v&8o%\\\	\wYO\*1O:)\\eԟF%|q\+yP\U\\Ϳ\\~%=b;-\\e;\\\\=\Nl~9\ğݔ;\\r-/\R*ii\.k\?411+\*\7VuǕJ3q~\hԫ1\S+\\\\1\\/PE\(򗖏\\\ĉ\GV>T\k;.\o0\W47\/K_s8oKRuhvVnU\ٓB&a>W\v\	{\x9\\ȅHT^\׸\&%\c\6e\Jcg%\]\>\0b\\\r\~o-\&=bYkbqO\3T\\;hnUs%p\\\R|\\.\\}w˔K6Q{\\*54\j\O%\0\0\0\0\0\0\0\0\0\0\0\0\0\0\0\0\0\0\0\0\0\0JZO\\ZMjRqRJ_z&	{KïWk\ߩ\>]\ɍ\Z\\Jzu\\\\w?\\<I+_\\0\\0\'\\\괷\\S^8X\u;wmU0RQm499\\\\&\"gq\Z[KuGtt\0ؽ$ag\0C\\\0;\\/\\0\0\0\0 .m\0\Y\\x}Eaը\\'\Gi\n\\j\\r]\r7I+n5bhp\f\W[A1\ɻ^\V\ݗrprWwSI٨Ӗ\.\\\\s\\2\ޅ\9gp\\\Zl\ⲉώ?y\#Yw^z\_I/NE>4鍹\iv`<\ckey.!)W\J\?\ykS\\\ǿ{\oq\\\\:p\~\i\S\=n\\T<\<62\O+\\\n\\\\"m/Z\\hRimN\֍:N(\+%\\eV!\ױ\k\\YԼN:ƅ7\\0lb7\\"gR\n\(\\YT4TzyY\\4Y\VX\*8F\rG֛\n\RO\\r)ZL}Rf\=\\݅}+A.K{򖧏\\і~ޏX\\\94:mO\Z_Wk\;8<>e\\\V\\'۬,\y\\RҔ_\ןS]ﷹq3ɖ\r1\\\0\\7,s5\}ܼ\\9n\S+\\\\k\<Zm;mkC\\ZRݔеqZѸM\!R5#	jZYԭ\Qg뇇\\\Z\'ɯ\\\-\\\r:碾!Mt|\Ed<<rPı8Jl_N]\}|˟\\ˣꗸ\nJ\\Nu(!M.C\˟]\\ǋ~|4*N\\I\O}g\\\]1\Z\\SWH)7B-hTƵ58\y\u$LLn\t4e[\ۨ\Tz\\xø۟o\\.\=\&\Ti\r:m\}Rku\σʊGL;8\y\S+\\\w=\"\.H\yzV;1,\0Q\'$.\k3ܟkԔXh^\Z\+LIe&\\=h1	\H\\\\m\\\Y\O|eJ\Kvp	ES\h譢{\\iD͝ᘊ[\r,n\"\'\/ًzxr\\V\\\\\\硾᯹5\]<\oԝXq\O/b\\\[׏7\KK]̵\[Ƭ\k;\jvPş\r~ujy\N\~\\ЎgH\0z=W02i]5§\\^/\\\l3\\\Ӽ.\N]/yGF,I\xsdǿ\v\'\\\}FTn\\ԃ\k\=\8\4\;\\9\I\m\Toa\?>\ZG\jB3%z@\0\0\0\0\0\0\0\0\0\0\0\0\0\0\0\0\0\0\0\0\0\L\0#h햚(^ԔWݓޏ\c\{iI\Z5\'m.\}%\cx\ړ\<*6\\`\0]o[\]*:^>\\T\\\0\0\\\|7\\\%?Ep\0ZuB\*\/^\'.~o\0K\\ikxLb\J\>\H\\\f\\?\j>e<R\~\i\^\Z\\Iɷ䈏\\\8+2;/3ͷ觧_\5>&qN\\-\\\B⨻$?\c\_\VpRY؝*\P)~g\p~91K6˞-^\Ƕ\08fL.1k%((룫Q_bL\-:ʴ\\\@\st\Խ\\j9\N\n+QZw$m\!}a&.\n^\R^\ӏK4\\\\\߆ẉ@:8\%qQ;\tZ+]\.\0+&k1fAwn\\ri\O\\a\'(\җo{|\a\\1kz&3\LW\\nOVl\rYC!\\\"FR\b\|%W=\\0\rNl\GF~Ζ\\Y\\\hF\Κ\(-\0\͞nE/_\n\\Z#J.KµNΣkt.apڊi_&)kxU\ZI\\5x\\3;E\q\շfY/\;^醇7㟳,>mBZ]\\&\\\\Լξ\߮\#y]zc̹\d\ \wWX!2Eu亗\]o\×:k\ч_y\+AZX\\nq[\Z$\r#؏.m\ǋ]\mE6މsl\\hn5\'\\i^b˒fTcE\"f;\\>X\'u4i\ي\|\\;f\g$b\\nn*\\Ը\'*$\\'\\RX֛L\S\\2x\+275W\]ӗɌU\ytqNI\tuw\Ii.Q]\o;Z\cPU`Ut\?I(nNm[Wk\0\rΊ1\\\k}u~SQǼ;EglLp#Kyž\\h]:=\KFLZk;LD\\\5\\jvvT\\\\Ԛ\mgkyBϜ&Wc\Fմ\w\Xj\\\6l\\/\\aZU\\\\\d:u\3|\3b\o<d\%(zػ~\v\eG\u\L\߿\\Z]}}#\ݳ.\\0\0=\\o8K\&-mXm\*\\09\KCv\K\>x5\zl\Ϗ]\\s>؆f`\\n\o\a\|\\\^\I\0\0\0\0\0\0\0\0\0\0\0\0\0\0\0\0\0\0\0\0\0\0\\(l\\|R1Җ#lzsO\\\a\wX5i\OI7Xj\\._R\k\}dٙA\Ewp\\0<kT\o-Q1\\"r[i=\oY\a\P\0\Z8ԇ-\\[i\bѩg<bN>ͳ\\\-O?N>\09\0\r\,Zח5\U܏ه\\|g\\6\{Gom\\Tb\N=\>h:ϩJ]I>u	\\}5\Iu@5\5F\Z\ڊïd\K]xBO>\LqO\?\?6/ޫj}[\<\s\oh?o\rn*qZ\:\}\h\I.f\卧{;VN\xVJ\U\r\I\]M{u\\\K)6\J\!\"*.|v\Zet\7ך~9:ͦ1}\%)EJ\\\\v*\k\#g~);˿b\ZZ]K$\"\p䞝K\|O\1;F]\\Mԩ9uwu#;9]; l?\\խk)\\\\\ys\5<\Z;	>*\T-Z\!I\v1]Zu3\sNMq)WU\\]\n\gNK\9GE\\DD\\In[P\\\0\"~\ڿfd\\\*Q[\5\\\\ǿd\HfڶJ\UcoomIխ*qsz%\NKW\wZ>\=\LͬGh\\L[bu\\k\\ً\_\Ê\˒rZm)v\v{_<cNW\nt{V\e\SO\q\4ґ}E+eNʍ-iS5Mh#խâjsȶ7TeS\r\\T5n\Gn\r-i|D\\\\\*QV\朩ԋq$iOՎ\\\\j,\ZvQNUQz\Z\Z\<\5c\Y\\}\\D\S{kH>{\:{\xu9}js\~l~|\yV\F*\\\Orrt%;\\Ǳ}\\\\Ϛ1S\\qNKjZ\\J\nJQP{YyrNKuK\\HufkcQs\Z\ը;\rls]V;XLWkk\\U\#\Z\be;\˴*\-\"\4\0\0\0&\\=\Z\kgy\}GNy:O\Of\Ŵҕ:q\=8=W;\K\Gf?\S\7I\^\<~l\Z\m\\%ٻɶ,B4\3[[\;5R\]O>~\'x\׎\'h\0\n+~\~\0j\-\_\xu\޶*Wt~Ey\%:\\W֕,/\,\~IR^=\\\Ljt\?\'Y\\O\nwh\\J_P\\\0\0\0\0\0\0\0\0\0\0\0\0\0\0\0\0\0\0\0\0\0\0\nm\>yF\8\\s9rqP>V\\0\F\\n#VT\\^\\gZ\\SRq\ܗ)E=QƧN\\\g\\w\BW\05O-W\<̕\z8tc{@\0UeħJ4Փ\N\o`\0\0\0\0\0U8Ll_\8}bfCycqe){e\~o\y\\_yi\m4\xlXV\ěUM\'ԣ2Z}\\\2S\rv;dW\O\K]HL\tސ\0\0\0\0|\nj;j\etm|&O6w$mX\0\Rݒ\7ʆd\V\pE\\\}\9ŭֻw\\d\\\vqRdLo\\<i\'\\\Ns\Yj\>yN楖\\ܣ-\KNZ>E=!?:\+\\m\PwVQTNҧD\]ON֤Lk±i\\a\\l\Kw]\J-7c5\kǼ^m\i\6\+R°i\\B77Ч-TRaZ\\#lq\,2O9S\ٿ0\\I\zԨֱ\M/W\4\(}y`vk\{\#ީ.K\0S;oZ\*G\rx`r\nYE3\\\\rjan\ŕ\J;ժWMpn/\♤\cÿJŢ\"TN\\d\>&bwX\Uҝ9i\\^ʷRog\"J\\U:qunKMO8\\N\o\\XmRZ~\\:wD\\bY3p\0\0<R\$\tiTz\\h^\(\U\"K\yJN\\Zs/N\\Z\jԣ&Ғms\+11\;z@R\"\\'\\\13&tN\Yn\\\{\Z\R\j\\XO\5\z\r0ɵ\\#-\~=>\\WJpNt\B38\Z\'\\_3m;\"K(c*\\2xMܛR\\\\vm[mIѫ\n\(N\rJ2Ѧ4\*wf\\9\0\\IbvB\?o\\׸y~]xzx2׿\Q\Z\>m\e\)#Vq)]O[;\/\Z\-Ů\m9UuiKΜTؾ\0\0\0\0\0\0\0\0\0\0\0\0\0\0\0\0\0\0\0\0\0\0\i\PF\T\%\I\Z`|Q2\\/t0\ץ.10%{\g_\\\了9\[}\\\e/]^\gѴ%U\'\ɳ,\0\05\r_v_|_\ȏ\\\Ʒ\:\0\0\0\0\0\0\0\0\0rL\\]v\\=\\\W\\o\\\\]\~\\^g\8\0\0\0\(rKŕ\<ɤk\0\r\\\\\\-\Qq|cyG|sҭ\P\\#ٚ\W\:\4g4d]Mv\V}\h.\&\\0\0c\[Jƽn*\ʬUj/Iý1\bu;Q\\è\N\ܩj\YˎEcQӹ\&JtiNY(S\\\'\o\Jfnk\\\\+ZP^	#xCgrWf\Z\'-q^*s\٤_kױ\\iJ\\Z\0\0\I8\\'iS@pF\rǯ(Fʥ\n%J2i\^\rK3\\ƥfw\\\\kD\"y\\\Z*{K\ǋh\q\,\ٗ>\yo\<V\.\"\G_O^2\\i\y?\0|\\\\˴@ǶV\n\ǁLun%J\f{\\\9T(A\\Lv\&VLơBҼkFMn$oS&jMf<-\\l;mW\Nҹ5^+5\\k\k-s{\|_ix\o(\^\8Ԏ$\Ef&\'R\\Zp\>b\\\if:57ӓkF\kF\"\'l%\'<\\k\h\q=OS\wr_Q\8ǀ\fl\	_G^>\\Nkݚ\O]d\\>J\\oaqmQӚ\\u渮\o\Zlr~e3%\'GYSܯM?\S~WzFyq\JKm}\\J7V\JS\(g11:\r.\0pG<꾵&W\z|Oo;\0у}\0\\#\1r@\0\0\0\0\0\0\0\0\0\0\0\0\0\0\0\0\0\0\0\0\0s߶|+TY\WzJN0}\]1ӗ\\|:g:^i\z\0\Y\0\3вUm*[\p\\Zd=X\a\\Rk\\\\M\S忧W-tzڞ\kw_V Z]M]8TJk^)10LKqקY	\0(ץ*sd1\`|V\\k;f	\֕9+vr8\gO1~\JF\h\X\0\0\0\0\0\0\0\0\0\01\3F;\,zf7\\"QV\n\%\͊k\co6\\+5@-y?k\,\\|C\\0\n\\\\1\\Z긭iMA}qg\ri2[\n\=\\0MxX^\+\]\\7\y9=\Xc\-Q\՜sy\ZpN3\\I|5\j\\FEjaF\qPaIE(\v$y\|\{\0\+a4\\\}\U/\\>\oo\ܹ0ڝg\\0\0\0m\o\\!-\׻t{*_ՍʗCl7$Gh-#%\u\\-v범\!`\0\0\0QV:gF#R֒&\"ѩLL\\=\,\.a[[ƭh\|)\ZW(ӎ;ɓ$\E\p\ݦ\R\\Mj<,\\\%\\&=j\t4\̵-7\n\isQ\j\4\\0BbGe\qzXams\\k/2ϊʓ~-`e\?\~ͦt-*\Gw]t\\\W\!\J\dlu\P^5\i\\\O\c[\K_*\\O4z&98ը\յj\\Z9\KSF\坱ʬnV\.+BԼ\w\{NiCrD-i\H\+*\0ҥRhQ:b\"b&gPL\F\\p\\68Nodrg%>?H\\~͙7\;˚Tb\\ԩZ\kj~\Z\s_RO\?\iIg=\\@ѓlG3;\\Z\\0\'\yI\0x=q\\\\q\.qג#ר|\n|\0wmJ>ďo7\0\\ŭ\\^\nG\J_K\0\0\0\0\0\0\0\0\0\0\0\0\0\0\0\0\0\0\0\0\0ӵzk\\\q*{\\\Zҋ\\\?.\8\0+\qˎ\\o*ƍ7-<_%\Vm򘉟	ĳ\Y\Z\\^\)#\/\ȩ\\T}\\\\\;a\R׫\\ZmԟTM-ͥ\puo^ִ^5a(I|tf1>֒\jٿ/\B\';x\0tӹiy2&+ES/mݥ\Vêj\^)4E\\'\x\ګ.\ۡQKO\y֗]wOv|$\.h\\?27\1\}\<I\476U_c\%\~g\yI\q\?\\\Z\\\h\0\0P:HBR}jiLVf~ș̥\T\(k\?\|>\0\[HݛO\Tb\c\\\Z\yӷcnM!\4\;\tY\0,~OvͮMkװψɶ(\;q߮+\\0.\|י[\"[\\.\E\\O\Y9Ήo?x\0x\0\\\S^	\Y}g\\\Gy\0\Ƙo\W\n+\0\\\\\\_L_\4Z\\nz2r\C:R\\':毵ꜗ[\Z\\k}D\\ZW\i45\DZk;u\Z]\'՗\\0\\\54^\\0?\ǛO\_\rNp\0\08\\h\\Ŗ2\Z\2fQR}\Flҝl\t\\.i඘U7mip\l{z\Rgm\"5䤣)4\\+{֕\\a\\m S\\G\,s\\\0\т8|zH\Ο;y\)=\Th\/>\xO3\\0\x\-_0e\x\`\n!\\'y%\Ч\y\\:}\z\\\\BƯu}\[B\r:{\z[Q\mp\n+FsR\tu%=5\zpzu\$G\\7,J]7)\9(k)h\^v\\4\l:Jgߌz|w\^\\*\n\63\\\\\<\\{\\Z3ο-\';)\\\ҭ\n\ބ\\mY\Z\\\\YT(\]\GzYǵG\\SnU\oh\zh\\\"+\\y\m\3,2\/\\T*\_\vӍ!㯙O\S\+MWkM4?¿S\\+\\\Ȝ$g[\``\;q\[\\\n\\S\Y}W\~B\'H\i\ͽKKV\\'\$k\t9\쉏<\&~re\_#,\\\LV\K\={\\0m>\\\0|Ѵ[yz\5%G=~<k<󼒛|sn\\Z-lg\\JQ\6d\0\0\0\0\0\0\0\0\0\0\0\0\0\0\0\0\0\0\0\'\\0E\'NI]86՗\\TZRR\ܥ)=[o`ulY1\1t\gr\=T:\.ӟ.n\\<}]\V\a6P\\h\\Ai\ZT`\㙙˦+\B@\0X\(:7\ni>pMN?\"f<\"b%\611u)д\^\zG%hm\\s\\3WQ\\T\U~L޼Ϟ̭cßi\LW_\.\?\U\o\äec61Zx֧*\\\\\J\#\hZ\Z\q0\F\n\K\\\O3ϫHK}S\\\yپ\\\ԍfі\Vj:+~\p\\\\0\\0Ճڮnbk=Ï;\\0\.>ҟ*1o\q:|\'\8׿Rs^}Y\)%ؖ}kZF\Zs;\0U\\\\è\>/U+ȏN\Ξ5\Zc\]\0=ݒdH\iI/hL\wQ)\;ȢU%.\Z\"!:PH\0\0\0\0\N/TD\\\\Ã\\gp\\:\`\\}\0\'}<\0\ÛD\<3Oe\0ծ\\\W0\N֕Q\zܔ|;\u\i)\0Y-(m\f>&/G\u\r%z\nU\䏀\|K72H\0\\R\Z\=\\+}hjCr/\Q1kVw.#qCEQ\\\p?\\V\;64aJZ\a\\\\W\0Xr^\W@\0\0\0\0\0\njSZrR$dMw,6(Җj\ǂC^\\Z+w\Z[a\\\|j(}\G\|_\8\5\c\wv)i]T▚j|\\Zl܏fnFU\Ki%99\\O\3\Y8e\~\L1n廌\Z\5\}\/[\-Y\Kc]\`\Z\<c.\\0X\-\+\n\\w\R]r^\=^;}a1\Y\nt\nW\\\_3\\^W\r\JNRr|\\ɪ\z𵷫sU\N%RMEj\0!\&u|{s;\닪j/=S܈\i\\\v#\݄81J\Z;P}\~\\0\0\0\0\0\0\0\0\0\0\0\0\0\0\0\0\0\0\0\0>vH㎦\'`PF\u\Ov?|@\\+O8f\L/ڍ-\\ե{\K/\]ZN^\[QmmJ4Q:pZ(\-G3\ȍFB@\0\0\0\0%\ͫĬ\\?^^\Z&-1\5噓`M\lYT+kR~}M\Ș\m\ǳA̹NnxQP\uGۥ㼹y\Κ䭼1\yn2\\3N\\ܣV\bvq\\\7&ݟWqiIv|,w(\Wx]\tWm(7jr\g5itԢqkT\&\0\0\0\0(֣:r\%#\rs\+xMm\;Z9R(Ii(lVŒq\\vzq11Rf\0\=4ׁ\@\0\0\0\0\0\0\1\nV\Q⿱2R{¶Lj[k\\U#é\\~\\ӗ2\\\^IԮJ\0EZJU&W,\\:Mk6CC^*8}~s\\d\f\Ǥ{CХ\"bΣq\ZiSk\[yY45%R\f4_l/\a1mm1%QuNuKiߎS>\\oI\00M{\\`}\0\0\0\0\0\0\\n}\=\'S\]l7\/Uݣ\\Zu[s\\Zf\#܏\˹bU%.x%I\"\Q\Ș\\\;\\W\gy1<kώ\0\\ȧ\Cj}K\u\'\\08߬=yƭR_1\↌\\b19\WB\M.\\?\,բ]If \uNŖoRn{\\O\oƯVH0\[\8u\}<	\ݞ`3\gAV\\5\\	h\0\0\0\0\0\0\0\0\0\0\0\0\0\0\0\0\0\0\0Ǜd\^#<e\(N]I\K\\\}T\\V\ip\\0	\ɷ~Fv\0\0\0\0\0\0\0\\dZ4\f}e|ÿZ\\%ǥIAO\ڙ\_+b\d.o֥n+8\K\C\^\zم\\Z˔\_i_ۤ\0њMbUL;6X۶	\P\(O|:X\R~>|\)4FxuK\[X]Y\Ѹ\5h\N/\_k\ \0\0j1^W0]\<G\\\:?vZ\`\0\0\0\0\0\0\0\0\0\0]9\<v\G\\w3\7\eߚϘ\0cƛ\u!ZN[\|\\HɎw\fVjQM\\[dZ\XL\ i/nuSH_yO.\0/\\\0\X#s\9\>\ǈ\u\0\0\07df\WS\<BT4]R\\IN-b\N\\\\?.\FJQRM>)\j\\"՝ĸ\4\0\0\0\0\Z+\\=\䞱/|oT\\{G]k\F\rIoKNyq\Zm\n\0\0/ZU\n\OK_\G&=zUJ\^h3Z\K9\mLi[N4oǺPzyS\'\\]Sb;\-k\-SO\=?\qsc\u\'\v\wvٱ\w\`;(o\I\0z?H\gæ6y\\>\\Ͳ\\Yå\r\uS\\\Z^gcZ-\0\0\0\0\0\0\0\0\0\0\0\0\0\0\0\0\0\0\0\0\0|5]\s\\[ץ={\U\<1a\ݔm!95dy\'wvcU\"(\0\0N)ϏaYB\Y0m#\\H\z%\:\*qhD\\֧.S^|ETZ*\0+wZ\Ӻݿ\\׽d\)\Ŝc3\/·\\c\.=V\h\K\\\tӑYمLx@\o0\Fn\\\ҥ\'u}\ѿigZ\;Or\3a\;^\0G\Ri\du\2`ْۧ\Zq\YF\\LL4mHHg-b֍+z\-\"u;n\V\M?>\\\˯ݟ\0}a\\\Z\0\0\0\0PIFr\/Z+H\\&b#r\\\Җ\1\}vy~?\l)\Z\Z*1}\{\\\Zq?\眷V\MI}\\\\|g\Qǟ>\\×\-q\\0\0.ӟ\~Ef=Q,\\\ʓ\?z;\ö\=\zOR\x\\\\m/mr\R_q2\\=3\00\ǎ\\bv\\*oȭMrk7׿\\\\\UZܥz߉\^_\_\\ՏS\\yah@\0\0\0\0\0\.]f=m\\eEgz=^;t[=OݖLQջRiӒ_&Ú1\\\\3YԪ4@\0\0/+tp|K^5z\\\\^D4{\\~m\\ˤ\0\0\0-\}\NļzX 5\s\0ù\\\t\0jyR61tMM\:֏T\/9y\0ݻ\-\\\EmMͯ\ދ\Yﵢ3/\#s}s-\%RoOj\D<L\w/>OE\v\1\\\ݸ\^\\rWF/K\(;0\0\0\0\0\0\0\0\0\0\0\0\0\0\0\0\0\0\0\0\0k\wي.:׺q\3!)ƍ8Ҋ\0J+p<txT\0\\nn\\~-m47\XMoVd\\0\0\0\0*\vMLD^ܗ/Vs=\qN}z>h&\0\\\W\1Q\i\ZZT\\%{WījDq\ϰ\Z\2\j\\\\3\\^\'M9?\al3\\\f=8{\2XOdtE\ٔ\\{\p\8\:x\?b_-~$M#\hï彩\L˹N \{97إ\\\\4ĦW\Ԏ~>>F9ǒ7\k;\\rlܢ\x\6n,ͫW\\0\;死O\\0]*5+KJpr6\\͞zqVgE-\r\'\u}\xm}\\\\\m\[\v{_[>\\ƯN*\\075ky]:\0Q\\$ZѦV\4n$\\\IZWq\\\Onnݟ\0}a\\\\c\h\0\0\Uӄ%f\\\	v2\4x\\ȷ:ĴW\\\d\0\0\0\0\0\0\0W\n<D\\]\Kio\\u?\0^>c\d\\͵\\\xˮ\o_8\w(\0Kr+\\N_Y\\#,b5\\N\XtB\`\0\0\n:\&|TG\:h\?Q\i儃\̶ׁ\]R\\\V\	\^T\\C\\[\\e\*b^g\0?\\\v\lyW-g\Pj\Oc䞯\b\u\C2RΙ\	\Z2}%\TwI{\ǩwv\jZZбimN4PiӄyF)h\0\0\0\0\0\0\0\0\0\0\0\0\0\0\0\0\0\0\0\6T=[ђqXů\n\\Ǘ\\\~,\\Hj1r|ԉ&#ml\\'\'͘L\\\\0\0\0\0\0\0P8{hMb|!w\8vs\~a?vIe51<R\Vn\Εh)\2bf;\&\"|ne\6o\a\zԢ\\zr&?3aG̛8\[zw\l\Z\j\\)x\\#ko\Ԙ.m4e}\aI[GZ\\Iм\%iZ˻~\.(\>NN\Sq~\\\i\\2{0C\1k\i\Qy4VbaxU[+j͹ю833wzFݿJ\|J\\M}\\0Q\\0\{O_\\iO\\z\\\1\՜ןVJJ+HbGZ\cUC?/I\0\0\0f\\T9p\O\9xg\0J\w\ZSVT洔^\>\\8Fm$\0\0\P<oBb&gP.*5\Z\N0]M\\*uD\w<i:\\\]RNM$oDֳi\nO\r,\Z\\>\şAs=\Ւ\Y\&=n0ˊ	\uN+?\\\ǎuG+\=mنy-@\0\0T&\ؼgѮ\[ZC&!wIi\Z\?\\5iꏿ\\)?e\0\z햿#\\?)hXsq\~g\\'=fb}\\Z\mB=\<\f;zM\0\0\0\rl\\\t\{w\\nr\\0\\Ⱦ\\ޟl\\0Ҝp q}_iG\\\\Z_\Zcg\\r&0\\\\1Yn\\Z\֩)\'\J:Y|sUm+V\\\T\\\W9NMٴDDjL\w/GVI\*\5^*ON4\է\(t \0\0\0\0\0\0\0\0\0\0\0\0\0\0\0\0\0\0\0\0ř\]bV\/yz2&7	/O<lx@,]KJZv\1\vp\0\0\0\0\0\0\0\n&\\О\޶]\Hu\.\Z-0\%K\Yx3sMj7fc\nT̻+\\\\_\zS{\\ZW5\\ث.I\rap[8\SEYy7\^Eg\f6\1\\\m1|\Qï)V)?L[\=L&\3fN,R\woN\\R&)\:~L\\ġqV|ZZ(^h\ZE\\p\S\\\|6\מ\-XH\0\0\0\0\0\\lU\=/\޻\\0]:\\\\\a\\:N-kg\ZY\w \0\0\0ttNue\\ά-\ETMq\'zF(i#\T\"e./\\\~eG\n_\\\FykשMg]\;UZ\_%\}hc\\\0.L\zGX\0`^ᐯ\i\n</|#y1}7?V\{O9қ\\%\3\\\2F11Rf\0\0=MdiR\GLHGLZ\\qh%I \0\0uYS\G_1\ϴ){\#rѣ\nNH\ǧb\\Z\iܫ6@-;^bF\1Um\%;\ZP]/I#jGf7\~Y@͙::B/{5\?v}`B\0\0\0\0\0\0\0\0\0\0\0\0\0\0\0\0\0\0\0\0\0\0\ͻ\o\u\u!}B\{5\q2v&\\Z\*֔\0[L2F0\\\U1/ݩ\b,b@\0\0\0\0\T\'[]\8v\kR\"V\\\Qp]\tU>-h\:\'<ں\\m팓I-[9\7\L\UJStבkR\\-\AU\֎)*/x\W]:IJ-J\a3>Y\z/g8\\~ϔ2hsI\ʱq6\v؅u驯^D\\xD\\'˛\\n\xL*|*\\\\\꼙y=\NrwbٻrmmO\\\Yi\\Z\I2v3\;\fWvT\\{J\8v՜0\\\]RĨyOYi㤾:4\\@`[\˫u(ZJ?\3X\wVYURN\-Y\-\0%\\X\0\0\0\Z9\\\V_d\x_Ey_qv\0|Y{Op9\.2\\\>+&;\\tLLn\0\0\0RZM鼵_\r\)o;Z\JE9nN\r\\8\3\z\~ڟKw\'F\c7͓mKLV;\v\\u4uVw«ƈNߧr\\6\3\d\0\05ݝ;zK׻%\y\0b\SV\h?Ѧ<I\סRޫR:?F|+q\OZ7G:\0\0\0\0\0\0\0\0.\\Թ\\\z\R:<\\\\GkmZJ\\\.>&/O\>\>\\x\P\0-̵`\Z\[a\ҍU~z/1\:|y}yW-\\\J\l\\c뽋fGvwi\n\޹\۳\\\R\\\`t@\0\0\0\0\0\0\0\0\0\0\0\0\0\0\0\0\0\0\0\0\0\0p\aXN9N\Zz\ٚގq=\:2\\rR_Ka[~\N>R\\\\ta\u\o#o\V\0\0\0T\	9E{KM-_0Z\'ļMM\t&&ƀ%z̨ť\k,\4\\'\\=\\]iMkR|i6\k\mN-\]\'ja\\K誟O\\\%ixJ\\]j\.³X\\A=\'q/g8\S\^LK9*\C\fC\[^S\IOO\"b\5skaOrZ\O\6\"\)\{l2\)T\.,:K))p6\"\9\h@l\Sq\0\TZMG\\\\\/[xsW\0=?f\W\\\Z\^Й&a8\\\\}oeS\\\:N4^z!ho\,\O\F~u蕣\"]a}i?uFtZ\Ԏ[ko	\❆)et.\Ll\Zkk\\-(\G\#\r\.g\r묑\\\zd<4\ʔ\t\Z\z3\?܌sS\\]U\\|bJުqR4\\C\z_Y)1\Z\c\XͪJ.-{oN\"\\j\\\:2	?*3\\gJ\zǫ\"uU8\\Z>δ\)׳;f\\ώ;NO?=\9\#˞\\0\ϥFi(B0?{pb^u\1N\z1Q[5Bm|@\%kN\<U ޛ\\nb\\Z+hS\^//,X擸G\em=R\%\|7?ᙸv\\\w\\[y\0\0\0\0\0\0\06Un\\\.s|\>o}gy2\! mIB\u}\\\?\\t\T\0\$}`q\um\e\y-\U\t|\\?ʋ\=Y\G5d\\\ne\VU)8t\斻KV\-+6_:\k.(TBwjRcOF^\'qf5:vϓv,\c\)Ѹj\OД>\0\0\0\0\0\0\0\0\0\0\0\0\0\0\0\0\0\0\0\0{i\TmoMk:&\[{\h\\ʸ}|jOvݔiܴޟ^ FYU1:xu6M饬Syqӌk\9٦dyG=\ֹnf\nԸn\OM_\Oɕ\NKt\\C\v\0a]~\\\|`@\0\0\0{\%%\q:\&7\Z\\q:Qs\/׍J\Z\\hͣcm:}TZM.+S\rӨq孺^J\6yYז\"\1t\\n`R\0-y\O=\nzIJ\\Z\\z\\\z\\^\[\E}WQ\.NIqoMy\"\;By{n*OY&\i\\D#\a\\]\\E\\C\\5\\tK廣\M\9Iwc\]R:;u#ϒ\ӵE\#)\>Ѩ\\\8E\vƼ\-t\W\\|*Sѭb\NK\"eLVn\b\\\rn:j\k\g4ŰˉJx~)ٿ5\n\_ˢ~ȴy\'z\"8\q\e\\7Xez\zi4Eg\)8kg\1JW-[+\T\\+\'\٤e4+axlZͬg+R$(LOjar\6f,-\xF̴k\\\q{JRݧN\\i\'Ip\\2\0K:ZgG\\О\n\{\[\X_QgI¤5ӏZ~tJz\\"\v1\G\jA\>\\^[;Ls\r\vxƿ\\\5Ӹg\\\\\\y)4\\\ꖫ@*nM\2~\"HS\'\\\|slu\9i\j1]_\\0\{\Zu\hט\\oM;a=4K\7./\\Nkrkz2ᤴemXMm#\\\\a*Oz\\orOL\[w\N\\]XkjRF{ \.Ə̓.tdĺ\hn$\0\0\0B%E\O\"\%iL\F崴\	ܽ>\>?=\Q\9m\\*1IErHRV$\\yzX\0\0\Qx5\/i\X-\\.\>K\Dm:\\'\\;w\?废.J+-FL&w;kIClg-|2\1W7\}D\KY\2nb\\\Q6s\\\?cҗ\uq\x\͞5RܺU\ᮊ*\\ѹٓ\p\0\0\0\0\0\0\0\0\0\0\0\0\0\0\0\0\0\0a)\F1Zމ 9x\\ʥ\\V{.A\\p\cs\.\\\~\:ZOG)]\s)7ׄ\\2S2CXS&g\U\\\wKtB_3\+8\=\,OZ\pO\G\\1\'p\\\\RW55\p\ƕM_\ZB\yŞ6\xN+n4\-Xڋ\2l^\\Z\0\0\0-حY1Y\3\\է\Gs-lWnaJ䭧Q+E\Z*%$\b\]ψD\#ʪUG]\8\\jxVyRN[\\\\&\R-hb\rn]r\kٯW\J<EW\\m*InCM|Κ\DK\b\\'N2_\\k5Z-]\\?vS+\)]I%Z]iT\nп\w?-\\\=\\nq\\W{\#\|JZv>%}V%%<RKO̿T\"ֲI;_CR\\rQT\jMbe\eQ85ׇ3~\\>ݕSNU)Ž8GrlTm\b\"\*\ni\M\Wh=	\K3\з\"JZZё	ZiTJqrZ-W\\FmUJ\n\0êI\\|c&2Z<J&_\\OSQ\.%g)8\\\0V`JZ\qn1k/0\Fl#3X^Row]\R%	|$4EeY\hG\m,-1\\iWU\e\-\'\I\r\ܪ7Vw\\\J\Z|Qx\\61a_\/\\\*ӆ\Q7)%\:w\ZiqN8i\֤t\z\"z¥(\a}\eJ\rM6Bb\m\[JW\%\7VtkFiqדHvg\W*Qysk[Wip~1Ԏ[kL喯];lwN2Pu\%\=ё::UJt\'\n\\I5q\<ӏ?O\K\/=\M.:\0&Ep\\ܻ\Ť\]$8U\HFQ\kS<\NJ\\\13\W9S}\Tx\\0g;\f\?m^E\\v4Jܭ\<\\dɒ\'\91\~\?\9\\\TpZޫ\5\\ys<C&\rF<jNS\\\\a\ӾKM3&\\J*Ҕ#܏k\\X6\̮\0\0\0\njMS\KV\\'\\\g\q5au¬\S\\\R}f\\\m\sjisӅ8.2E2^)YJM\}SN\\\m0Hn[\\T\Ǳ%\i\^kC睮EG?ܵQo\\\\\0U\\p->\_\0\3\\0\0\0\0\0\0\0\0\0\0\0\0\0\0\0\0\0\0\fL̈́\L&%\F\*\W[\\˟^\1\m)i\O\|H\\YeVR;˥_Mzy\آ)\03\\g6\\	T\0g\\.p䢮\֓V\$\&\'R|ӕsH\Tq\np	W6\\rt&{\/]L\\\\xU%aYU9wv>ƟQ\ZYԻ+;\\wk^w\qΥd\\0\0z>t\|}=_W/կʫyt^zr\'/Fc\\\ndcD\9)\\Z_ySq^i\\\cQkbw,3һN\(ŭj4[R5펶\\7CI7\\M4Y5\\n\Zܓ*:-`WS]\\\\O>\oTj=Wb\\0c=CM\\;Ӓ\D.|y$k\\3:\\[Ky\\\\\ܯ\8\z]m\X\u>:2\aOg\\\O\udk\mS\\\\\\ZzDƖ\\\My\u~\\Z?	\Ǖz\ooQ\U\{\<\-\5G\\~S\E\ZjV\Oݗ?i\;g5/F\}%4\|_\\o;EƞRG\׵I\+\k\0;{|Փ\Rb><\\\m\WSW\9}\8G{\\{JKqᮩCʉVj&\ǂ\\<#[i2v[\\wano\#ظ\F[\Z#\:+(\\2u\\ZY\Z)M?{pzvKxgBG1=Y^8\\\N)*#Q|SE\01\-\\3+:0N)9S\\֞ȯPKe\\u*KOV\\Z?^3R}UZx^!c\ݍͿ\\eދ\\F-q:2VӛWq(H\3l\\no\k\n\U*q얤t\z\vݛ!YRer\*\\<zqЎO\\v;|\ZΆ-R8KzI>\r?̎\k囙\\\|\\ף_Y/\r\r]ܜ=oFz8\\FT~-i\GL\\r\1e~\\n\քs\F05\ȅ\0\0\0\0\0\0\0䤢oGRZu 8n\v\Zp\Z\ްKgk\\k!\\IZ\[+\[wq[اQ>tiP\}.\\\붣\=>.\L\\T\\|ߵzʮ\oN?\zX\0\3?%\MOK骡FG?\:>\0\0\0\0\0\0\0\0\0\0\0\0\0\0\0\0\0\\p̓T\)\\\"\\_R囫\͵\N[\'\4ڣiK^/.Ϳ\"&t>\9?ɸBYh\.d\\}ux2\\	\0\0\0	\fFt.j\\}V}v|O\\\iIVa\.\^TĿe\u_\k\z\0\[\\\<غq\|w\\)ƭ=T%i\}h\u\\](\\F\ZuD\6$\0T\\MEi\&N[[7%Jn\^\mY\J\-%V\0\0\0\ѡ\\"c}\J*-:\֜CI\kFc{\֟q\z\-T&\\%^L\1\Z\Z枨xR\\^zDB-\Ԇcë2\\kF\[dgR\׃\K\\Ti?Zz\#RijR\R\hz-u\dLZ\֜y1\mrڌjT\\\R\\me֬vSqB4ѯn/\~֍>LZΠͣr&ܛ\Yu#)\Ěi\\	\W\[ZhUw99k%nzU=S8t\"\'Iژ\$$\\k^Zu3\Z\\"\"}M4In\&5>Tx5\|\ߘ\5\66UN_w*ǳΚZj\׃-\'\Y\\N\'ߡo\]֜\|[י0_q\ŷ\65\\FHD\Epŷ|4Ӓx|@A8\\y7->%\˱Pp\\O\٩S(JiE=V\\B\JtwO/ߵ;R/U7o/Z-VQ͏d\ui\\\\*\n\_F>Яʄ^\0\\7\T_R\Z\KG&}aY\\\^\70ӆ\.0\B1e\JOUG&N#71\\d\/(=SR5S٤f4z!ؕ!ms9_Y\\[NRmƵ)CO/\]L\n-j\R-\\o]xrԔ33cê\X\xW\\Ku%ˆN\%\Vv\T\h\\u\\\\^\'\GD\'R>!\r#\\핽iSdX~\2\Q\l\\#V?}\\J\d\Su[f(\\\^N\0\ZEzenIVsMT\n\\)RV\0\0JJ+V@kﯨ\\ԹN(\NI(\+\&\*bѫe\΍k1u\\\.\0˲M:q:S5\>v.\}s\諳U\w5\IVMu.g{\񛈽b\W\{cX\Ni\\]/\߇\uVj}sO5fT\0\0\0\0\0\0\0\0\0\0\0\0\0\0\0\011LN\\\q+ꪕ7R\R_p\|߉m5§G)6V\\ŽR\zj߂\M\//bW	N㬺ُ.1\V\0\0\0jmniB\n\t\S\J-h\卢\[8\S\7+JϏK\/U5\YME9o{wU\_T$\c\\l;\MvuʢgxwcͰ\0\0\0\0{kU!{|.שNGOwNl\%\o\\ZSm_\+&Mz +*ߋZ-_0o[xPUe\B\4|K\;Ezt\\\0\W\\m\"\jƢTu\\\E\0^vT7\\\^&ek3&\0\Z\0\0\0\0\0\0\0\0\0\0\0\0\0\0\\\^a\ZTT\\/=RTj\'Q\Uj\Z\'Q\R\T\\\~To^R8\;\\\E\Y\-I\\å\'\p\\x\1\T?d[\fNM\J\]]\ru8&\k3\_\'\K\\\\\X\Z\&=a\DC\\uõq\#y+F~Iz\ZFzOЇb>\'T\\0Ik\\5Df&<M#{\\,\\TTj8?F\\u\R\%uM}K\FJ\ahO\\Zwa\T澵[:/e\VhdO0\\](I\VýG.1+5^/\͛W\\~.c\\\\\\J+O}\+2M\6\\o8W\0N\FZӴ>\~XSi`sf+!*8\`\d֎d\\\ϋ\\\O.:xwdRI$Q\\֞\)>H\r.#{7\ʛ	uLB-:ɕjJi՛\sk|Or#O\Z{:a.\&_bS݋\5\0\0\0\0\0\0\0\0\0\0\0\0\0\0\0\0\0>|C\)JR\"s{[~@\3,G\ۊ{\0\WZ\\_E/>\\k\0\0\0\0\0\0\Z\Xfl\Z\ߡUp\r_S_\:C\Lߔq\q\Vj\\]L\\'j>\aG/\Z\\\ޮdf\c\\͛վ<=\e\Ec$Mu3͘\\\\\h\<!`\0\0\0\0\0\0S9\&\&mkyb!U7I\'\FMh\ViЋEuoR\0)\zAkj\m\[Z+\JtZj-KW\[ż)IM\\iZ>1\J빪\\Ñ;.ޖ\\0dZnt\ޚ\\\\m\\\Ϛ\\\wS\\X\5/M\-xl\\0\02)\N5=\䍫mcl\Y\\N-\p1\f;\$\0\0\0\0\0\0\0\0\0\0\0\0\0\0\).Rk\m\ZjEߙ=R\\t\\ \qM?\"\yge\2P\7\_I\Z2\t_i^MᕸՔ\>[zxF/uk.j\Xo-\Z3z?\ğI@1\\#zt\\Q_^\[\O\y8\\6\䯢^޵iQRX*E\K\3xf5\l\0E\\'yN\\ޭ\\G)ҋ1Xܦ\"fu\Coʖ\'cN\i*vڧE\\K\w~nT\駇v6\Վ7X%\\\\YŖj\\ZU\ZOz$Ξ-:o\\ɶwϐT!)I\\\[=G&`K-d\+\)\[\TӮ\7M\0\0\0\0\0\0\0\0\0\0\0\0\0\0\0jBթ%B.Ro.`|33\XVܮ\%Qk\}\^@}#L*8^\p׺K멽9\=#\\\Vܪ@\0\0\0\0\0\0\Z\\ѕ\ۃT\q*z\T\{tg\(ӓD\\vO\n/+B\嬨\\A{ڻW4kR͞\V\.F:8BzS\R\\\uv>|xn<Úi=;%gJ\\ŵX\B7<ɬ\u/JF\B@\0\0\0\0Ti4\:\'-f:a\սzk\\\m	\0\0\n\|O4ǖh\&8^\\\h]C&YQzҭ8A\MFZ}f/XK,Դ\\\\ZsQjRO\\[F8ih\\t\0\0\0\[\\\\\BT\W\^\o\nZ\r4\kFLk\\\Jթ\\m.\\{Dj%Yfw0\0\0\0\0\0\0\0\0\0\0\0\0\0\0\0\0\0\0\0\0\r~+\X\\\\\\\6%\y2սeKRecp[/\\֧5or\\\/yy\u\\Lv9ŏ\r+c9f\\ljP\9\K;i\\\\\Zr\3|f\0\\bmĨ\\\|%Mu\\EmXjS[Mgp&f|ߗ(\T\ףE\x>\rw3\ˎq\OSN\ 3jRP\\\NRr|\8\1ň\\ԥ:\\\y4߻\\_wײ凙6g*0\0ڮu\Zy&u9_\0\0\0\0\0\0\0\0\0\0\0\0\0\0\0\0oh\\`\qK\^>\\C)`Ԣlh%\0	j\0\0\0\0\0\0\0ǲpn)nPJ\\\0>e\[<\U\ӹ\*KJ7q\5e\b\F\;=b\6z\}5޵*?b}\\˽y\S.\Z\\\\ls\fV\8Fn\\VֵN)x޸^LV\:-o6\0\0\0\0g*=KNZ\YQ\Y2j\0\0\0\0\0\0g+n\׷\=u\\\&mv\\@\0\0\0UM5	4j\\*ڕP\oW̪˔)T\\NiKۦ^()FO3Lg,\u,S\\0\0\0\0\0\0\0\0\0\0\0\0\0\0\0\0\0\0\0\0\0\01\lmq+J-\-\'JTMgp\-\Z\r\\"S\\RS[G\T\_֏\=\\9^\\c\6\rΞ9aOl$H\\W\u\'\ws\wn\rX\ZōQ˸\)[G\CXEy\\R\7V\xfϖnn*\\U7:f\9>7g\<\\^\r˹\"\=\\UjƗ\n_\J<\0\0\0\0\0\0\0\0\0\0\0\0\0\0\0\0\";Q\\\0\<՜\\|_\\.\^\|\n\?zƒ~**/\ϕ! \0\0\0\0\0\0\0\0,\\[\\UNX\ԥR;ђ\h7s[KZ\h\\V\\\9u!y\SmsI\\n\_\-jţRD\N\ܲV\,%N\1vw~\n\ҕG\\\\y\\\ɉ\wV8EFKT\\5ڎ7[А\0\0\0_\KrO\\f\e\\6\X2j\0\0\0\0\0\0U=\\\i٩=Sm^\*9\݋~kkxf\e㋋\I\\\Lv\\xz\4\WJr\Y\\emWQ=be\sR,Z=0\WHN\\\~,L\DDG \0\0\0\0\0\0\0\0\0\0\0\0\0\0\0\0\0\0\0\0\0\0\0\0\0k	{w\rcu=\ԠR\#.>\r>\z\\\\\Q\>^w#LG;\n)\+\\ݧc$\!̟#\qc\}9pr}GZ\7&\8n\3?\jx{\\|%Y_ʸxz<Lz\\VM\Lz4;3\\y\\\pnʓ\\\\J/g|\+\\B4\B*1\$IvP\0\0\0\0\0\0\0\0\0\0\0\0\0\0\0\0`czŰGziumRP>NtjΝH\\r\I5\1dO\Z\ëʛMܗr^FW\CH\0\0\0\0\0\0\0\0\0\09\z\.zK\?s\_8\\?\\\h0\˘Y\%eYԷž1팗	/H\\\YJP	׍i=#8N\+lyO\\2zuˤm#R>\.\y\0\~<տɨ\0\0\6\\٨\F\H\0\0\0\0\0\0\0\0\{p-Vis:fWR\Ɋ\m\\\h֚\\\\̳d\f5\M@\0\0\0\0\0\0(\\jkӮ\R\\5,\\d\K^&X\\Z\\XG+\"\\V=4H\.\\\\\:\\\9GTzj3\Ԑ\0\0\0\0\0\0\0\0\0\0\0\0\0\0\0\0\0j.\rO0eC\F\rY1~RH;Z,JVaͶN\\1\ZqZѶq7/Y/\̶\!\įiR=\\<N\'b+s=<+^\\\\Tk\Mp\ף,:+̵jνiի7:\'mm\FW\\0\'?\\nl\(\\b57#\\KU4馯^M\]\0\0\0\0\0\0\0\0\0\0\0\0\0\0\0\0\0\0><\\\\\\6#\ݶ\(=8i7\/)o .\{3G/\Jv\7,(j\_\\\7	ӦK\0\0\0\0\0\0\0=w.}x\0\0\001\r\\\t\\vk_l_8\"t\n\{\0Β.Jx\N\_8\ZEѧ*,T\PJ\\\Zn2eé\-_\nZf\Zr\\\4U\\ɗޝX3\\0Lf+?aWie\(+\\;Ruhv\n%*\0\0\0\0\0\0\0\0\0\0\0\0\0\0\0\0\0=\鮏Nѩ	U*sNQi>ZfaXOIn\j\k6AkEcrt\Q\\kVԞ譫x\JY\vSm	\iLJ\\!l\\rZ\\0\0\0\0\0\0]oR7ϑZg\\\\\0\0\0\0\0\0\0\0\0\0\0pi056K/a֖ʽZͮNn^\ZꝩJtƕNq	T5E9JRz$\U\5\\\,՘gZmkz\\Q\\\\W\'̷ٹ\&Ji\n\\i:j\\]owZu5\2\r\\".@F-e;:r\q]{_2+ra.\\\ls$\\8c\Z\FO٥^]_v_u>\u\0\0\0\0\0\0\0\0\0\0\0\0\0\0\0\0\6铞b\\0-io_a[\R\:/\^Z)y>\>TM\I\\\\}\(\\Mר\'f+\\_f%ǽ3FhMH\0\0\0\0\0\0\ҷҩ\\/nQqmIh\\0\0\0l\\)\[tWi\\ZF\bfͻ&\9cK?8n\Ü|xHJ4a\y\\jR\\&ՋFí\}էmmzX\R\<,8G^>T\k:ax\\\R\t\\=\\\\Q\jZCq-U\0\0\0\0\0\0\0\0l(Ф\E\6v\\Nm\|\c]S:Cj\aϚ\rZm^\M@\0\0\0*=\妦Ӛf:e-԰b\\\\\i)I\o2V+\\R\}\&b&5/gRulZ\o(bPoE\McrB\\\Zt\\'}Z\\Z\ig\0\0\0\0T\]M\cS*\b;\)*\0\0\0\0\0\0\0\0\0\0\0\0SE\ǂm{7|\\e\:\\\\\J\I\.o\\\b\˓Q\5acs\6tV\⢧N\)7=뜡mZ\me(-\R\W\K]\\\VoK\evy1,1S\RվT\{\/\Vg \{\X\Ю\PD*\[wKp\\-Q-n^\ҹN\nSR(M5\t\0\0\0\0\0\0\0\0\0\0\0\0\0\0\0J*QqM5Og<\\knK7kù\o\'\̡hb\W^z*\8\>\c\M\'\Umn#	u\\SOF3\ZY\0\0\0\0\0\0\0\n\n\R%O8-\0\0\0 !9eo4o\v\00\\Gy\r\&-08i\>e\[\oF\<~qhWއU\iFF\nՅ\kkrJn/\&ՋFêe\\nP\6\\tQw\\\É\GU9S\k--+^Zk*:\ԏ\\+\Ckܔh\0\0\0\0\0\0\0JQ\&131\\	\0\0N\nuq\-IO\\[Ŧ>9T֚\$\\(Z#\[(\-\\<\+\3ԩ(k\'\\ȬLDLL-1311*\nNE\r9p\^\s-iz{\zxz:~\\\}_e=9qӖ9z~U5%2\{V-\AU\0\0J䙵pZcl5bt8I\KF&i$\0\0\0\02i\\qRrQג7f72\٢\'PV\IiǓFw\u-)xn\.\0\0\0\0\0\0Z\\\\>\cǭ\s\\\%:z7\\xD\\\\0K\+\/,B\Į/\*:s\\\{V5&֛N\\6\Z\WԾt\c%\<S\\]\\\0\r\\>θ~oюZs폪\\s\&$gsex\\Zxlji^\OYQo\\|ӔxD\W\V+c\1:\\NGں\\0\0\0\0\0\0\0\0\0\0\0\0\0\0\06\k\np|B?GUkN^\)vq\^U\ƙ-bO\1*{fKݩ\q}i\0ۚEmW\xqW\\..Iֺב[Wi}=gymYѻ\nN_Z2Yx\0\0\0\0\0\0\0ԫʟ\=\\U&p҄с\\0\0\0rz\"9f\g4\պV\0ZҜ\\kֽ\Ŧ̻\8Nl*Pŭ)-\\wV\\\\ZsF\\r\QkuF\\p\nҏ	]\.b\7(\\\JwMsL\\\NM\绬e\e|rԸt7CW\?uW\~6J}\t\R\d\4⤚iS\\g \0\0\0\0\0\0\0\0\0\0v7a\r\ˇ#J\cQ*N:\\ah\p\0\0\0\0r)\1p\5\"\FjVm3\\.\0\0D/*F\n-\'[7{Di\\\g7RnR\\mi\Z\\"RB@\0\0\0*\e\::+ȘL0\J\jҭ-Z\.H\&I\ZRH\-\\\0\0\0\0\09q`k\\uj7\\\w\"\~eiS{ni>R軗y\qtWs\^o#/]!șNq\|wk$K:;\K{z6ԭ\ƕ\nPT\ӊ\K\\u\0\0	\6@θV\nX_ͫ>\nkG\'_S\}ړY\&og\0ٮ`aJåWr\^9.q]R^ɭ}cb6B¼+\\ANX=T\0\ 2\0\0\0\0\0\0\0\0\0\0\0\0\0\0\.\l3\\\ݣPM\]i.ؾ\`|`\1;y[\Ж\\/FZ|\\_\dۥgwqU(7\Oǉ[Wi}-b6x\wN\h\fP\0\0\0\0\0\0\0\rс\njԴ|\WcM><\0\0\0\058\Ys%\h]p\3t|&3rŰ8K~]ķ_5m{\TK^e\\ӕc\;0e\u\C]]\\r\zB;f\\J(t*=O_\K\\Jd|K\vK\eF\\ţޏ⼛8\ßܗM9\L6	i\X\\WN2\k\F-ڟU\[xآ\\0\0\0\0\0\0\0\0\0\0\0\0\0\0\0\0{n\KDz\ɉ\\.W\i\(\\_&NE)\LJ1P\K\Vf:\D\s=*\r\uw\\Z1[Vr}]:Z3h\0\0\0\0\0\0\0\0\0\0\0\0\0\0u[q`9Գw\uM1踧ƕ.Rs|a\\\\nnF^\<ˀB8\r1Z\<\\;4ɑ\\f\~ӻҭܺ\?l\ӹZ2\0\0\0\0l\	b̸m\h\+\Q^\>D6=\\V8N)YĻ\'ͪ?\\ϫ8EM>@\0\0\0\0\0\0\0\0\0\0\0\0\0\0\n\&\0\\\ݷ\\\\\G~\b9\'0e\O+\\Z\T.i1z֟hL|\n{\nN\\\\/.\0fN\LeӅf\.7\U©J\\*RdW\'\g1$$\0\0\0\0\0\0\0\:qc&5)WZ4\`Zh\={i\\0\0\0\\PT%%~+>?\\\TV/l\׾\\"\ii\\c\p%\C^-TiίWT\.n I	BZvxJp=\v\\\Ӻ^\\\\\^m\ݧZ\\a\9\\i{K\\[\\\\\x^7\Tz\\3_CQI\yԵ4:+z\ĳʮ\0\0\0\0\0\0\0\0\0\0\n\J\6KE-1f\*\n\0\0\]N9T\\.\0\0\0\0SH\KTMf\"w*\&cPqZXמe\[Ghg1`\0\0\0\0\0\0\0\0+\\\\}\\\r&3\\xM\%{=\#\\ojRonV\\=\fj\kKUB=Q]\\)L<\onudGywӉR\0F-,%ʋ#\\\/>w5\0\0\0\0&i44֩\\9;x8\\i׵\oڇ\Z\Z\w\n˯\h2\p畱*\זp޳\ZW8x\,k\0\0\0\0\0\0\0\0\0\0\0\0\0\0\0\0\r\>w\]\'GJ\йҥv\ڟ\\g\E\zBIkQoyM>%\긁\K.bt.\v\yIu\K]̉&\\\ZvW\.tR\\qjg5\\.U \0\0\0\0\0\0\0\0/S8?iw\Z-sO\yҝ?z<;@\0\0\0\0f\\\\Vn(K:\S`@q͋\<[z\Z\eg\[Yk\r_E\Zs|oay\z^\F2\L|h#H\r\\\\\K\>\/ٔ\*o^\f[\&0\T/#KIz_ޚk^E\\\86\p\buŜ\:_K	/S;G\EyqП\\0\RZכ\Z\\0Z?Cد_0\Z[ķ<(\\0\0\0\0\0\0\0*\5\rt\E3\Zal=S\\'9>m\aiꝶj4\0\0\0\0\0\0\0\0\0\0\0\0\0\0\0\0\0\KV@bպ\\Z\j\\\ԯ^iҧ9\oE\F\Pw\;C\\xrm\'\Eue\}\u/z|?.7>^n|\2u\\!\\Lettv\u\^\G\?E\\\\Զ,(\\҅z0T\ӂ\F+H\e\=\\䢹=$\'\0\0\0-eՏd[\\\In+\_\\QjΥ\.n\\ͭUR\\>\Os/cvُ/\\o\.\*u\\f\0\0\0\0\0\0\0\0\0\0\0\0\0\0\0\0xaaլ1+ZWVR:z\h\2\\տ\\r7P^^=\\]`r\^@uL|CT1SZF5ֽ%\\{\'n\Xn?\\nuo/\/K_s3֒\	\0\0\0\0\0\0\0\0v\Hp\yv02asN|t)ώ>\\M{IbQ^M><\0\0\0\0\0QZ+.zT\җNT\0!X\\2~1/ٮƳ%?hN}\\\^\z]Aӗ-S-F_ f\\Q\1\!\t-\\j\\G磊\O#;`\o0ҹo_\;ycYuԵ/\zTsۇ-\˟XN\Sv3G.鸯\Z\\\%}6޼Jci{kQUh\\^E5FY-\>\X\0\0\0\0\0\0\0\0\0\0\0\0\0\0\0\0\0\0\0\0\0\0耱R\\iR\?i\\\wy^zKYԨK\0}\fӨD\Dn\\?\f,?ߡ\\\S\*\u˱vG\\\\\\?|\\\\\"dK:\\ZSR\iI|\\Q\.\l\m>P`\5_¨amF֊\1\\딟[}l\gk3\@2à\K\ӂ\\0\0\0\0MJpNT\JHM>`|ca\q\:Z\kq:<~\\rG{8\IW\<Zzy+t̸Mx)n\d\\0\0\0\0\0\0\0\0\0\0\0\0\0\0\0\0\0\0r\l[͝-b\Nq\V~+ˏj`|י25e\T\r|\Qv\\\\0\\1\\\&e\]Os\"b$wL\3T\3!]\n\:}p\wOe\\B8T8Μ\g\MsE\0\0\0\0\0\0\0\0\0*I\d\p\|\\:uVw0(9r\/wI ,\2\I<\0\0\0\0\0i\O\r6-:\<\\O?ꎏԘ \2\\\\\>o[UԘAqmf{-\a\.J:))p-\\yf]Ըİ\ь6D\xmͫg3H\wt\Ի\\z[ލk\\H\,e\;Z_\\2޼Ba\{)bw-&\7֫\\\l\\\cT\\1()\_[\EѩL\k5\rb\>%\oMV|\0\0\0\0\0\0\0\0\0\0\0\0\0\0\0㒏\`Z\({\\0YܟxfS޲`R+3\;\\thTX\\З\x-_я{\\\'\"\\\3l\sm\e}Y\\n_CmI57\\gq\gL\=\܏k\JT*eg\Q\\+U_{\/^\̴\\M;ՍeJ\\ޝ\ӥN:F+\0}}fk2\0$\\-X-=\KWzIn\+\\0\0\0\0\0\\;T\Z;M\cu\\0o5eVXV\p:Srz^\Q,\ \0\0\0\0\0\0\0\0\0\0\0\0\0\0\0\0\0\0\r~1aa\Q:uc>i |\0~OT+\~2vUZ\ae\k\@\\\\*[\ѩF7:u\"\(Ɵ*\*%ݹ\7+t\_zЉH\ySl{0\[\\aW\\^_E\'jrfsY\iOT֩\0\0\0\0\0\0\0\0\0\0\\\T\\v0/\\/ދ^@¢\ԗ`Jڜ2VIjTjG-\0\0\0\0\0:\|\SA䌱o;ʤ\Τ)s\\ܣHV)|u\\uEZ\\I\Hf\'\\m\B\+RtfԷ\\#H!s	.}\\\ކ\$\Vy\5`\\c\|i֖^Sԥ㷘^_\m0[\l9?8=mä\\9W)=ܬ$\\(>Fj/\\\+zKX\\\[-ek\WBO愣\^S\\#}R+,цb	|\תx\S)\5\|Kf妽Y꼏\\\~wO@U]\9\)}@8\Rh\)}@<\/\0x\\\\=P;\\\\T|^@[uK\s\&&\0\by\#ZВs/\\w\-(.3.\JcZ}U+>:iôiӞ\\5\a\JT\\]+i\?=86μx)O\k\̳\s&hpoX\j\8\y\ˇy\!\\'\\\\\\wx\\o+\#\y\e:LH\t\'SGN).\\{\aí\0\0\0\0\0\0|;i\\V=RT]?銏\k_\nKY\J\:\U`1\n\0D\0\0\0\0\0\0\0\0\0\0\0\0\0\0\0\0\0\0\0\0_7l\0.\KwV\|\-!wKح\\]\T\Y\a.tX\\^/\WF?M\\|Q$\$\OFP̭|ǔiY\ti\t\\\YJv\Ycl\wPݾ\ZW\\x\\'n	­8ԧ8\Z\Qz.\\2T\0\0\0\0\0\0\0\0\0\0\0\\zڮ _\@]zr\%\0*#5\E? -J֛\|\0+9/vIԨU87\\m5\h\0\0\0\0\0\0\\\\nñH8bq}U\\E1dE~\\ֵ*~\OTE1SWcwtTn)F\[QZ\0`ٖݷe{]ǩt\'\%=piنt\\up_ZW[\'\\xu1KK	m\Z<Kem|\k7^iuVQ\02fs\\>#>Hnmə\\Ӱ\8g<Lrr\Pۍ\\\]:晜\W\\\gCmd\\\p\0Z2\)<+zJ˯6v˖ji\Q\ixь)O\ʣ:\2\?\0MJ/ݓ\r\Ʃ\Q\W\}F?u\)Ij\_55R?\??rZ߲\\\cR\#\'OiY>\S\Q\0\eG\1*\g(S\v\඗\h\\W8\덴\\|(\\5\\\n\.\E\\Wgyֹ#Լp\I\CA{L\s|:;\yɿ\ּLq\>G8f<U5{\T\Q\?\pҾ!\\eV3.=$\\Z_z7T^\а=\w51J>V륩\Rd\\r\\rZpkF\\<nz\"i\-\̄6KV\Zԗ?ewzp\\`UR)iuV\-\0\0\0\0\0\0\0\\/\xu\!q%\Z6ZmEk\KB\\n*ʬd\\D~-\\\(ছ@}\0\0\0\0\0\0\0\0\0\0\0\0\0\0\0\0\0\0\0\0\0\0fo\~X\Q[\%B\B{^iv\s6]\.0\~ر\x\V+?\\c8N\	\Q^Z4컝VէG]eo?n`y#彼a{3\r\w\Ԥ\}\jRi읺a\ͪ\/h^PtfZ(`H\0\0\0\0\0\0\0\0\0\0\0U\\\n.zHׇ.F9r\m).)4J_Q/\0[v|רݤ\)&ު0-J<\א\0\0\0\0\0\0$\?j=\@\^e\\j\0<6}r47{%\7m/z\Bz\IuYB\}&c\&{嬵b\V\K\'\Zj\qH\0\\\Z)Nkl5\UwW84é<\Oݶ.\\O\\\ZcOc\<K\R\0u<\/T\ZzC_\0$k\\C\r/\c9\|\0Wt\0\L\[\4\xu/\u\pi?\S\0\\8u/\Z\M՟\\:|0Wڨ[F>O#\Ea<gBK\IA\":\:JܧvXP񠜿\H܍\z\װ9˔\m*?yz6^rc#\0u\\.=jR-\\\;m[Հ\0\0\0\0\0\0\0\\6F\\\\R\G\RO{\\=Q/MuM\r\	CZ8m	Umߒ܊\\0\0\0\0\0\0\0\0\0\0\0\0\0\0\0\0\0\0\0\0\0\0\0\;;\9\xu.~T\_\'o\r߸\0\-\FzS\09%{]\\kqzjn^L\aWQ\\\\׏*j8K\\{n݆\,jږ\'EpucU[\yGv\j9S0\B#KJRױK\Y\2OT\\B@\0\0\0\0\0\0\0\0\0\0\0\0Tu\\.+\⻦ +U˔טO\b\?\';Zof\9uMK_z\zKU}I|\0\\\\0<\0\0\0\0\04\\\?\0TT|/_\`TjYˮiR\\\ⶤ,\n\\݊^@Tsܫӏ9\\2`Yz\.\0\0\0\0\0\0\0\0EUP\WRBzJN\1C\\gǱ{RIsq79ؗbKDb6Ҭ\0>\\OU\\\ܿĚ\\\E.>2`t`\0\0\0\0\0\0\0\0\0\0\0\0\0\0\0\0\0\0\0\0\0\0\0\0\0\Z\\FbvؾoyKVn>~AN;\#;I*\\Y\S^\\fM朩)K\kF\?\4II\04yy\\\	3&ZqXf+^	oe1:v\v?\\^\Z|a\'2Od\\0<3\p^\֗+>\M|+10mi\hB@\0\0\0\0\0\0\0\0\0\0\0\0\0\0ZR</?j]pL\n\z\+oqI*\)\\JQ| z\0\Z.\.\|\0E؀\0\0Q\\\ R\S\\\;K\7\\ê2`P\%\@\*\\i\\\ͷ\\0\0\0\0\0\0\0\0\0\05f\+(aN\KUF\Z\+K+^\msvmĳ3,C^\\n~\}m\iV\-\j8\%AǱR\\.**=\\]l\0\0\0\0\0\0\0\0\0\0\0\0\0\0\0\0\0\0\0\0\0\0\0\0\0\0\0\0\0\I4\ii̛!\ٗ~\\26wR\0X)k\\_\?9cWR\\U*CWÏ(We\g/\tue=t]57/\05Plh/n\\Tc\nϥ\-tЉIFv\0R;\\Z3\e=\\zOd\\meov41zV+\\\^\_Y\vBQMTJ/T\K\\0\0\0\0\0\0\0\0\0\0\0\0\0\0\0\0\0\0\0w\I?/\>ܾ {\Ur\\\0ht~܀\\\r㜟9K\:\\0\0\0\0\0\0\0\0\0\0\0\0\0\0\0\0\09x\\R\tQjE\/y\\\h\6\\Z\1,É\\1K\\\O\KWR\\F\ZU$Oi\T\j3{8\v˿&Z\e\\\}-\-\N\\0\0\0\0\0\0\0\0\0\0\0\0\0\0\0\0\0\0\0\0\0\0\0\0\0\0\0\0\0\0\0,\\[\Pї	S(\\rn7R\Ҧp\\\H\h,\O\z\ryk\\\\'\\?g@s,c-cy~GaWvo]I	r~L\rPL\'1\XE</k\?\"{m\2\n\gS\\\\\M\04xzBva;u\W\m0\uV\<}\n\%;Npחf\6WR5R\Z\! \0\0\0\0\0\0\0\0\0\0\0\0\0\0\0\0\0\0\0\0\0\0\0\0\0\0\0\0\0\0\0\0\0\0\0\0\0\0\0\蹁\G\yUN\⸼Sy׸\6ṿkXgU-hKn.\ߟ7\]ƑXm\0,&ވɳ_cfXU\xJ\\j\\G\i\\l-p\\Z6V6\\\B*q\1]\\0\0\0\0\0\0\0\0\0\0\0\0\0\0\0\0\0\0\0\0\0\0\0\0\0\0\0\0\0\0\0\0\0\0\QqJTSJrZJi\\8\\Fδc.\0J}\0\\ɺ\\0,rU\F\\1g<zWX\JQ-飧o^i\'Nn\ŭ\Z\Z}\o\M\҂\M\s\TD\I\\\c\87\MǇ^N\<3oYz\v8}e\'\Pݭ\\)\a\(\۪\S(VC/+6S+SU)J5 J\rI|Q	T\0\0\0\0\0\0\0\0\0\0\0\0\0\0\0\0\0\0\0\0\0\0\0\0\0\0\0\0\0\0\0\0\0\0\Z\0\\\\!yBҊ\(/^`snsSӭ\\\*Z&~HRQ(̛W\9Ntz5\?\\\\oVY\0\ǜ륅\\[k\\{a\oj;\"lo\\\X+*\=O\C\\\0\\0\0\0\0\0\0\0\0\0\0\0\0\0\0\0\0\0\0\0\0\0\0\0\0\0\0\0\0\0\0\0\0\0\0\0\0\0\0\0\0\rN/,z8ey֫F.K\\\\\}!;	^aU\!3\91rǭ\W\\\U:3\\9`\/\\GJ0\\5-:s7	\\I\\%@S\,S\gc}sk.\5e\Ƅ\\t\K\պ\Zk\W@bԒXeq\*\'뼈\6\m\.\\i\B\OXOЯDi=\2^!G[ғ\'%2m#\0B*VW)tk\ f4\4׊	x\0\0\0\0\0\0\0\0\0\0\0\0\0\0\0\0\0\0\0\0\0\0\0\0\0\0I\Ov+b*\\\S:t\\\\rI\\6b{-aw\\Y0E$\\6\{еC\riZ~9j\ZB6\\ï}w^\\RG9|Yd1$\ \'cd4TJ\\_\7Ҏi/$o\{˘qJX\\x\Վ\\}o\mw\hѥoFhӅ:P[\"\Ir\0\0\0\0\0\0\0\0\0\0\0\0\0\0\0\0\0\0\0\0\0\0\0\0\0\0\0\0\0\0\0\0\0\0\0\0\0\0\0\0\0\0\0\0\\y{Ơ\\VW>f-j#\^GķJƽ\ִ\j\0\&\XNawC\O`\\t--o\\	\!ؖN̘;0,B\+\\\[զiZi\\\R\k\\\0\X\\ņ<s(\\z|5Ѝ@Y\;Z5+\	\}g\KEw\*tߤ#\r֟(;Ihrhv*^+#\wiL_N%l\DtJv\\\c$]{\)>\\jCtɶ\\9\{Å\|\1\ԛmh\Z\\\]\\Oh\d%&Q^\0x\\\\@5]\0\0\0\0\0\0\0\0\0\0T2|߂\J\jԅ5\9(`jf]\0\c\e\'\+7LJ\Z;ͬ\=S\\Z]g?]42m\\ZڴĮSq4-Bz$\7}򂾚\Z]*\Kt#h!L\}#N\/քa\~K\q|ZNX\'yv\jҚ6N\\H\c)IF)$%\3`ݕs\n25\\an\_-@\\\7W0\J+c_\6o2\\\"\#]tu\R/-\0\0\0\0\0\0\0\0\0\0\0\0\0\0\0\0\0\0\0\0\0\0\0\0\0\0\0\0\0\0\0\0\0\0\0\0\0\0\0\0\0\0\0\0\0\0\0\0\0\0\0\.\pk\[\O㦠D\LCVZ\kjmz\>M\%W\'\Uª_\r\Z\0\ߏ\M\c8u\\\XΓ~^Fo#,q\!s\!/F\7}3N\\'I/\f\K@4uhգ=ʴ\	vN-?P(\\0\\z\@e\\+o\bT\֔&46T3iӢ\XR\\\\\\\r-\j+\\W\\Dtm-gzkƧ㶤\0\:a;fS\~rZ\\?\r!|\z?y/\DtA\2{¥\0ۨ\: \\v\0/{\\00\j\\\Z\p\\\0P\6?5Ղ\\\SjeuFDY\3+p\*?\\rOn^\.DcT\vsk\S6u\'\r\<U\t\\/6\pc_\\=0wo\\#W^jwS\\rmZkKzI\\Md`\0\0\\,\'ħcauu.\e7耖\ \XN^ֺh\\\'<+\ߍWݖ+\ZEJ\u:\>OF\vW/j^\\Z?P\'>Q\\_k+Y/N\\@\\0\0\0\0\0\0\0\0\0\0\0\0\0\0\0\0\0\0\0\0\0\0\0\0\0\0\0\0\0\0\0\0\0\0\0\0\0\0\0\0\0\0\0\0\0\0\0\0\0\0\0\0\0\0\0\0\0\0\0VݹZ=)/P4W>\ɿh\b\Zd+B]njG\y4w\'l[\+nBK\?\ZkUv\eI5\\\0\f*(\j>N}\Y}\\\05)k\\\0wOh\rum\\:\e\i\Uvgi{\c\\\\-b\\0`1q\~	GZT_eb\\К\0\\\\u\\0I_\0J_\V|Y\?Կ\ħ\\o1ʞ\\rK\\d\ə<\\ʧ6ͳm72\)\\[`g\\}\]J\\\r\r\\o\Z\\0w\P6ֿ\'<\W\!\]\\'7\76&Ӽ\Ԡ\G/W$\\\i\1|N\=\i0$6[\r\vm9\u\.fH	-Dʘ^\.\\O\є-6*tNW(\h\0\0\0\0\0\0\0\0\0\0\0\0\0\0\0\0\0\0\0\0\0\0\0\0\0\0\0\0\0\0\0\0\0\0\0\0\0\0\0\0\0\0\0\0\0\0\0\0\0\0\0\0\0\0\0\0\0\0\0\0\0\0\0\0\0\0\0\0\0h@\04\0\0\0h@\04\0\0\0\0\0\0\0\0\0\0\0\0\0\0\0\0\0\0\0\0\0\0\0\0\0\0\0\0\0\0\0\0\0\0\0\0\0\0\0\0\0\0\0\0\0\0\0\0\0\0\0\0\0\0\0\0\0\0\0\0\0\0\0\0\0\0\0\0\0\0\0\0\0\0\0\0\0\0\0\0\0\0\0\0\0\0\0\0\0\0\0\0\0\0\0\0\0\0\0\0\0\0\0\0\0\0\0\0\0\0\0\0\0\0\0\0\0\0\0\0\0\0\0\0\0\0\0\0\0\0\0\0\0\0\0\0\0\0\0\0\0\0\0\0\0\0\0\0\0\0\0\0\0\0\0\0\0\0\0\0\0\0\0\0\0\0\0\0\0\0\0\0\0\0\0\0\0\0\0\0\0\0\0\0\0\0\0\0\0\0\0\0\0\0\0\0\0\0\0\0\0\0\0\0\0\0\0\0\0\0\0\0\0\0\0\0\0\0\0\0\0\0\0\0\0\0\0\0\0\0\0\0\0\0\0\0\0\0\0\0\0\0\0\0\0\0\0\0\0\0\0\0\0\0\0\0\0\0\0\0\0\0\0\0\0\0\0\0\0\0\0\0\0\0\0\0\0\0\0\0\0\0\0\0\0\0\0\0\0\0\0\0\0\0\0\0\0\0\0\0\0\0\0\0\0\0\0\0\0\0\0\0\0\0\0\0\0\0\0\0\0\0\0\0\0\0\0\0\0\0\0\0\0\0\0\0\0\0\0\0\0\0\0\0\0\0\0\0\0\0\0\0\0\0\0\0\0\0\0\0\0\0\0\0\0\0\0\0\0\0\0\0\0\0\0\0\0\0\0\0\0\0\0\0\0\0\0\0\0\0\0\0\0\0\0\0\0\0\0\0\0\0\0\0\0\0\0\0\0\0\0\0\0\0\0\0\0\0\0\0\0\0\0\0\0\0\0\0\0\0\0\0\0\0\0\0\0\0\0\0\0\0\0\0\0\0\0\0\0\0\0\0\0\0\0\0\0\0\0\0\0\0\0\0\0\0\0\0\0\0\0\0\0\0\0\0\0\0\0\0\0\0\0\0\0\0\0\0\0\0\0\0\0\0\0\0\0\0\0\0\0\0\0\0\0\0\0\0\0\0\0\0\0\0\0\0\0\0\0\0\0\0\0\0\0\0\0\0\0\0\0\0\0\0\0\0\0\0\0\0\0\0\0\0\0\0\0\0\0\0\0\0\0\0\0\0\0\0\0\0\0\0\0\0\0\0\0\0\0\0\0\0\0\0\0\0\0\0\0\0\0\0\0\0\0\0\0\0\0\0\0\0\0\0\0\0\0\0\0\0\0\0\0\0\0\0\0\0\0\0\0\0\0\0\0\0\0\0\0\0\0\0\0\0\0\0\0\0\0\0\0\0\0\0\0\0\0\0\0\0\0\0\0\0\0\0\0\0\0\0\0\0\0\0\0\0\0\0\0\0\0\0\0\0\0\0\0\0\0\0\0\0\0\0\0\0\0\0\0\0\0\0\0\0\0\0\0\0\0\0\0\0\0\0\0\0\0\0\0\0\0\0\0\0\0\0\0\0\0\0\0\0\0\0\0\0\0\0\0\0\0\0\0\0\0\0\0\0\0\0\0\0\0\0\0\0\0\0\0\0\0\0\0\0\0\0\0\0\0\0\0\0\0\0\0\0\0\0\0\0\0\0\0\0\0\0\0\0\0\0\0\0\0\0\0\0\0\0\0\0\0\0\0\0\0\0\0\0\0\0\0\0\0\0\0\0\0\0\0\0\0\0\0\0\0\0\0\0\0\0\0\0\0\0\0\0\0\0\0\0\0\0\0\0\0\0\0\0\0\0\0\0\0\0\0\0\0\0\0\0\0\0\0\0\0\0\0\0\0\0\0\0\0\0\0\0\0\0\0\0\0\0\0\0\0\0\0\0\0\0\0\0\0\0\0\0\0\0\0\0\0\0\0\0\0\0\0\0\0\0\0\0\0\0\0\0\0\0\0\0\0\0\0\0\0\0\0\0\0\0\0\0\0\0\0\0\0\0\0\0\0\0\0\0\0\0\0\0\0\0\0\0\0\0\0\0\0\0\0\0\0\0\0\0\0\0\0\0\0\0\0\0\0\0\0\0\0\0\0\0\0\0\0\0\0\0\0\0\0\0\0\0\0\0\0\0\0\0\0\0\0\0\0\0\0\0\0\0\0\0\0\0\0\0\0\0\0\0\0\0\0\0\0\0\0\0\0\0\0\0\0\0\0\0\0\0\0\0\0\0\0\0\0\0\0\0\0\0\0\0\0\0\0\0\0\0\0\0\0\0\0\0\0\0\0\0\0\0\0\0\0\0\0\0\0\0\0\0\0\0\0\0\0\0\0\0\0\0\0\0\0\0\0\0\0\0\0\0\0\0\0\0\0\0\0\0\0\0\0\0\0\0\0\0\0\0\0\0\0\0\0\0\0\0\0\0\0\0\0\0\0\0\0\0\0\0\0\0\0\0\0\0\0\0\0\0\0\0\0\0\0\0\0\0\0\0\0\0\0\0\0\0\0\0\0\0\0\0\0\0\0\0\0\0\0\0\0\0\0\0\0\0\0\0\0\0\0\0\0\0\0\0\0\0\0\0\0\0\0\0\0\0\0\0\0\0\0\0\0\0\0\0\0\0\0\0\0\0\0\0\0\0\0\0\0\0\0\0\0\0\0\0\0\0\0\0\0\0\0\0\0\0\0\0\0\0\0\0\0\0\0\0\0\0\0\0\0\0\0\0\0\0\0\0\0\0\0\0\0\0\0\0\0\0\0\0\0\0\0\0\0\0\0\0\0\0\0\0\0\0\0\0\0\0\0\0\0\0\0\0\0\0\0\0\0\0\0\0\0\0\0\0\0\0\0\0\0\0\0\0\0\0\0\0\0\0\0\0\0\0\0\0\0\0\0\0\0\0\0\0\0\0\0\0\0\0\0\0\0\0\0\0\0\0\0\0\0\0\0\0\0\0\0\0\0\0\0\0\0\0\0\0\0\0\0\0\0\0\0\0\0\0\0\0\0\0\0\0\0\0\0\0\0\0\0\0\0\0\0\0\0\0\0\0\0\0\0\0\0\0\0\0\0\0\0\0\0\0\0\0\0\0\0\0\0\0\0\0\0\0\0\0\0\0\0\0\0\0\0\0\0\0\0\0\0\0\0\0\0\0\0\0\0\0\0\0\0\0\0\0\0\0\0\0\0\0\0\0\0\0\0\0\0\0\0\0\0\0\0\0\0\0\0\0\0\0\0\0\0\0\0\0\0\0\0\0\0\0\0\0\0\0\0\0\0\0\0\0\0\0\0\0\0\0\0\0\0\0\0\0\0\0\0\0\0\0\0\0\0\0\0\0\0\0\0\0\0\0\0\0\0\0\0\0\0\0\0\0\0\0\0\0\0\0\0\0\0\0\0\0\0\0\0\0\0\0\0\0\0\0\0\0\0\0\0\0\0\0\0\0\0\0\0\0\0\0\0\0\0\0\0\0\0\0\0\0\0\0\0\0\0\0\0\0\0\0\0\0\0\0\0\0\0\0\0\0\0\0\0\0\');
/*!40000 ALTER TABLE `afbeeldingen` ENABLE KEYS */;
UNLOCK TABLES;

--
-- Table structure for table `bestelling`
--

DROP TABLE IF EXISTS `bestelling`;
/*!40101 SET @saved_cs_client     = @@character_set_client */;
 SET character_set_client = utf8mb4 ;
CREATE TABLE `bestelling` (
  `idbestelling` int(11) NOT NULL AUTO_INCREMENT,
  `idleverancier` int(11) NOT NULL,
  `idpersoneel` int(11) NOT NULL,
  `aankoopMethode` varchar(45) NOT NULL,
  `timeStamp` varchar(45) NOT NULL,
  `TotalPrice` varchar(45) NOT NULL,
  PRIMARY KEY (`idbestelling`),
  KEY `fk_leverancier_idx` (`idleverancier`),
  KEY `fk_personeel_idx` (`idpersoneel`),
  CONSTRAINT `fk_leverancier` FOREIGN KEY (`idleverancier`) REFERENCES `leverancier` (`idleverancier`) ON DELETE CASCADE ON UPDATE CASCADE,
  CONSTRAINT `fk_personeel` FOREIGN KEY (`idpersoneel`) REFERENCES `personeel` (`idpersoneel`) ON DELETE CASCADE ON UPDATE CASCADE
) ENGINE=InnoDB DEFAULT CHARSET=utf8;
/*!40101 SET character_set_client = @saved_cs_client */;

--
-- Dumping data for table `bestelling`
--

LOCK TABLES `bestelling` WRITE;
/*!40000 ALTER TABLE `bestelling` DISABLE KEYS */;
/*!40000 ALTER TABLE `bestelling` ENABLE KEYS */;
UNLOCK TABLES;

--
-- Table structure for table `btw`
--

DROP TABLE IF EXISTS `btw`;
/*!40101 SET @saved_cs_client     = @@character_set_client */;
 SET character_set_client = utf8mb4 ;
CREATE TABLE `btw` (
  `idbtw` int(11) NOT NULL AUTO_INCREMENT,
  `tarief` int(11) NOT NULL,
  PRIMARY KEY (`idbtw`)
) ENGINE=InnoDB AUTO_INCREMENT=5 DEFAULT CHARSET=utf8;
/*!40101 SET character_set_client = @saved_cs_client */;

--
-- Dumping data for table `btw`
--

LOCK TABLES `btw` WRITE;
/*!40000 ALTER TABLE `btw` DISABLE KEYS */;
INSERT INTO `btw` VALUES (1,0),(2,6),(3,12),(4,21);
/*!40000 ALTER TABLE `btw` ENABLE KEYS */;
UNLOCK TABLES;

--
-- Table structure for table `categorie`
--

DROP TABLE IF EXISTS `categorie`;
/*!40101 SET @saved_cs_client     = @@character_set_client */;
 SET character_set_client = utf8mb4 ;
CREATE TABLE `categorie` (
  `idcategorie` int(11) NOT NULL AUTO_INCREMENT,
  `naam` varchar(45) CHARACTER SET utf8mb4 COLLATE utf8mb4_0900_ai_ci NOT NULL,
  `heeftsubcategorie` int(1) NOT NULL DEFAULT '0',
  PRIMARY KEY (`idcategorie`)
) ENGINE=InnoDB AUTO_INCREMENT=17 DEFAULT CHARSET=utf8;
/*!40101 SET character_set_client = @saved_cs_client */;

--
-- Dumping data for table `categorie`
--

LOCK TABLES `categorie` WRITE;
/*!40000 ALTER TABLE `categorie` DISABLE KEYS */;
INSERT INTO `categorie` VALUES (1,'testcategorie',1),(2,'varken',0),(3,'rund',0),(4,'groenten',1),(5,'fruit',0),(6,'noten',0),(7,'knollen',0),(11,'tomate',1),(12,'leeggoed',1),(15,'test1',1),(16,'nieuwe categorie',1);
/*!40000 ALTER TABLE `categorie` ENABLE KEYS */;
UNLOCK TABLES;

--
-- Table structure for table `categorie_subcategorie`
--

DROP TABLE IF EXISTS `categorie_subcategorie`;
/*!40101 SET @saved_cs_client     = @@character_set_client */;
 SET character_set_client = utf8mb4 ;
CREATE TABLE `categorie_subcategorie` (
  `idcategorie_subcategorie` int(11) NOT NULL AUTO_INCREMENT,
  `parent` int(11) DEFAULT NULL,
  `child` int(11) DEFAULT NULL,
  PRIMARY KEY (`idcategorie_subcategorie`),
  KEY `fk_idcategorie_idx` (`parent`),
  KEY `fk_idsubcategorie_idx` (`child`),
  CONSTRAINT `fk_idcategorie` FOREIGN KEY (`parent`) REFERENCES `categorie` (`idcategorie`) ON DELETE CASCADE ON UPDATE CASCADE,
  CONSTRAINT `fk_idsubcategorie` FOREIGN KEY (`child`) REFERENCES `categorie` (`idcategorie`) ON DELETE CASCADE ON UPDATE CASCADE
) ENGINE=InnoDB AUTO_INCREMENT=9 DEFAULT CHARSET=utf8;
/*!40101 SET character_set_client = @saved_cs_client */;

--
-- Dumping data for table `categorie_subcategorie`
--

LOCK TABLES `categorie_subcategorie` WRITE;
/*!40000 ALTER TABLE `categorie_subcategorie` DISABLE KEYS */;
INSERT INTO `categorie_subcategorie` VALUES (1,1,2),(2,1,3),(8,6,16);
/*!40000 ALTER TABLE `categorie_subcategorie` ENABLE KEYS */;
UNLOCK TABLES;

--
-- Table structure for table `groep_product`
--

DROP TABLE IF EXISTS `groep_product`;
/*!40101 SET @saved_cs_client     = @@character_set_client */;
 SET character_set_client = utf8mb4 ;
CREATE TABLE `groep_product` (
  `idgroep_product` int(11) NOT NULL AUTO_INCREMENT,
  `groepnaam` varchar(45) NOT NULL DEFAULT 'nieuwe groep',
  PRIMARY KEY (`idgroep_product`)
) ENGINE=InnoDB DEFAULT CHARSET=utf8;
/*!40101 SET character_set_client = @saved_cs_client */;

--
-- Dumping data for table `groep_product`
--

LOCK TABLES `groep_product` WRITE;
/*!40000 ALTER TABLE `groep_product` DISABLE KEYS */;
/*!40000 ALTER TABLE `groep_product` ENABLE KEYS */;
UNLOCK TABLES;

--
-- Table structure for table `klant`
--

DROP TABLE IF EXISTS `klant`;
/*!40101 SET @saved_cs_client     = @@character_set_client */;
 SET character_set_client = utf8mb4 ;
CREATE TABLE `klant` (
  `idklant` int(11) NOT NULL AUTO_INCREMENT,
  `voornaam` varchar(45) CHARACTER SET utf8mb4 COLLATE utf8mb4_0900_ai_ci NOT NULL,
  `famillienaam` varchar(45) CHARACTER SET utf8mb4 COLLATE utf8mb4_0900_ai_ci NOT NULL,
  `email` varchar(320) CHARACTER SET utf8mb4 COLLATE utf8mb4_0900_ai_ci DEFAULT NULL,
  `telNummer` varchar(30) CHARACTER SET utf8mb4 COLLATE utf8mb4_0900_ai_ci DEFAULT NULL,
  `adres` varchar(45) CHARACTER SET utf8 COLLATE utf8_general_ci DEFAULT NULL,
  `postNummer` varchar(45) CHARACTER SET utf8mb4 COLLATE utf8mb4_0900_ai_ci DEFAULT NULL,
  PRIMARY KEY (`idklant`),
  UNIQUE KEY `telNummer_UNIQUE` (`telNummer`),
  UNIQUE KEY `adres_UNIQUE` (`adres`)
) ENGINE=InnoDB AUTO_INCREMENT=3 DEFAULT CHARSET=utf8;
/*!40101 SET character_set_client = @saved_cs_client */;

--
-- Dumping data for table `klant`
--

LOCK TABLES `klant` WRITE;
/*!40000 ALTER TABLE `klant` DISABLE KEYS */;
/*!40000 ALTER TABLE `klant` ENABLE KEYS */;
UNLOCK TABLES;

--
-- Table structure for table `klantenkaart`
--

DROP TABLE IF EXISTS `klantenkaart`;
/*!40101 SET @saved_cs_client     = @@character_set_client */;
 SET character_set_client = utf8mb4 ;
CREATE TABLE `klantenkaart` (
  `idklantenkaart` int(11) NOT NULL AUTO_INCREMENT,
  `punten` int(11) NOT NULL DEFAULT '0',
  `barcode` varchar(30) CHARACTER SET utf8mb4 COLLATE utf8mb4_0900_ai_ci NOT NULL,
  `eigenaar` int(11) DEFAULT NULL,
  PRIMARY KEY (`idklantenkaart`),
  UNIQUE KEY `barcode_UNIQUE` (`barcode`),
  KEY `fk_eigenaar_idx` (`eigenaar`),
  CONSTRAINT `fk_eigenaar` FOREIGN KEY (`eigenaar`) REFERENCES `klant` (`idklant`) ON DELETE CASCADE ON UPDATE CASCADE
) ENGINE=InnoDB AUTO_INCREMENT=4 DEFAULT CHARSET=utf8 COLLATE=utf8_bin;
/*!40101 SET character_set_client = @saved_cs_client */;

--
-- Dumping data for table `klantenkaart`
--

LOCK TABLES `klantenkaart` WRITE;
/*!40000 ALTER TABLE `klantenkaart` DISABLE KEYS */;
/*!40000 ALTER TABLE `klantenkaart` ENABLE KEYS */;
UNLOCK TABLES;

--
-- Table structure for table `leverancier`
--

DROP TABLE IF EXISTS `leverancier`;
/*!40101 SET @saved_cs_client     = @@character_set_client */;
 SET character_set_client = utf8mb4 ;
CREATE TABLE `leverancier` (
  `idleverancier` int(11) NOT NULL AUTO_INCREMENT,
  `bedrijfNaam` varchar(320) DEFAULT NULL,
  `adres` varchar(320) DEFAULT NULL,
  `email` varchar(320) DEFAULT NULL,
  `telNr` varchar(320) DEFAULT NULL,
  `contactpersoon` varchar(320) DEFAULT NULL,
  PRIMARY KEY (`idleverancier`)
) ENGINE=InnoDB DEFAULT CHARSET=utf8;
/*!40101 SET character_set_client = @saved_cs_client */;

--
-- Dumping data for table `leverancier`
--

LOCK TABLES `leverancier` WRITE;
/*!40000 ALTER TABLE `leverancier` DISABLE KEYS */;
/*!40000 ALTER TABLE `leverancier` ENABLE KEYS */;
UNLOCK TABLES;

--
-- Table structure for table `login`
--

DROP TABLE IF EXISTS `login`;
/*!40101 SET @saved_cs_client     = @@character_set_client */;
 SET character_set_client = utf8mb4 ;
CREATE TABLE `login` (
  `idlogin` int(11) NOT NULL AUTO_INCREMENT,
  `username` varchar(45) NOT NULL,
  `password` varchar(45) NOT NULL,
  `idrole` int(11) NOT NULL DEFAULT '1',
  PRIMARY KEY (`idlogin`),
  KEY `fk_login_role_idx` (`idrole`),
  CONSTRAINT `fk_login_role` FOREIGN KEY (`idrole`) REFERENCES `login_role` (`idrole`) ON DELETE CASCADE ON UPDATE CASCADE
) ENGINE=InnoDB DEFAULT CHARSET=utf8;
/*!40101 SET character_set_client = @saved_cs_client */;

--
-- Dumping data for table `login`
--

LOCK TABLES `login` WRITE;
/*!40000 ALTER TABLE `login` DISABLE KEYS */;
/*!40000 ALTER TABLE `login` ENABLE KEYS */;
UNLOCK TABLES;

--
-- Table structure for table `login_role`
--

DROP TABLE IF EXISTS `login_role`;
/*!40101 SET @saved_cs_client     = @@character_set_client */;
 SET character_set_client = utf8mb4 ;
CREATE TABLE `login_role` (
  `idrole` int(11) NOT NULL AUTO_INCREMENT,
  `rolename` varchar(45) CHARACTER SET utf8 COLLATE utf8_bin NOT NULL,
  `weight` int(11) NOT NULL,
  PRIMARY KEY (`idrole`)
) ENGINE=InnoDB AUTO_INCREMENT=14 DEFAULT CHARSET=utf8 COLLATE=utf8_bin;
/*!40101 SET character_set_client = @saved_cs_client */;

--
-- Dumping data for table `login_role`
--

LOCK TABLES `login_role` WRITE;
/*!40000 ALTER TABLE `login_role` DISABLE KEYS */;
INSERT INTO `login_role` VALUES (1,'user',1),(2,'kassabeheerder',2),(3,'artikelbeheerder',3),(4,'personeelbeheerder',4),(5,'admin',5);
/*!40000 ALTER TABLE `login_role` ENABLE KEYS */;
UNLOCK TABLES;

--
-- Table structure for table `personeel`
--

DROP TABLE IF EXISTS `personeel`;
/*!40101 SET @saved_cs_client     = @@character_set_client */;
 SET character_set_client = utf8mb4 ;
CREATE TABLE `personeel` (
  `idpersoneel` int(11) NOT NULL AUTO_INCREMENT,
  `voornaam` varchar(45) DEFAULT NULL,
  `familienaam` varchar(45) DEFAULT NULL,
  `adres_nr` varchar(45) DEFAULT NULL,
  `gemeente` varchar(45) DEFAULT NULL,
  `email` varchar(45) DEFAULT NULL,
  `idlogin` int(11) NOT NULL,
  `telNr` varchar(45) DEFAULT NULL,
  `functie` varchar(45) DEFAULT NULL,
  PRIMARY KEY (`idpersoneel`),
  KEY `fk_login_idx` (`idlogin`),
  CONSTRAINT `fk_login` FOREIGN KEY (`idlogin`) REFERENCES `login` (`idlogin`) ON DELETE CASCADE ON UPDATE CASCADE
) ENGINE=InnoDB DEFAULT CHARSET=utf8;
/*!40101 SET character_set_client = @saved_cs_client */;

--
-- Dumping data for table `personeel`
--

LOCK TABLES `personeel` WRITE;
/*!40000 ALTER TABLE `personeel` DISABLE KEYS */;
/*!40000 ALTER TABLE `personeel` ENABLE KEYS */;
UNLOCK TABLES;

--
-- Table structure for table `product`
--

DROP TABLE IF EXISTS `product`;
/*!40101 SET @saved_cs_client     = @@character_set_client */;
 SET character_set_client = utf8mb4 ;
CREATE TABLE `product` (
  `idproduct` int(11) NOT NULL AUTO_INCREMENT,
  `naam` varchar(45) CHARACTER SET utf8mb4 COLLATE utf8mb4_0900_ai_ci NOT NULL,
  `prijs` double NOT NULL,
  `btw` int(11) NOT NULL,
  `omschrijving` varchar(320) CHARACTER SET utf8mb4 COLLATE utf8mb4_0900_ai_ci DEFAULT NULL,
  `locatie` varchar(45) CHARACTER SET utf8mb4 COLLATE utf8mb4_0900_ai_ci NOT NULL,
  `winkel` varchar(45) CHARACTER SET utf8mb4 COLLATE utf8mb4_0900_ai_ci NOT NULL,
  `barcode` varchar(45) CHARACTER SET utf8mb4 COLLATE utf8mb4_0900_ai_ci NOT NULL,
  `idcategorie` int(11) DEFAULT NULL,
  `idgroep` int(11) DEFAULT NULL,
  `idafbeelding` int(11) DEFAULT NULL,
  PRIMARY KEY (`idproduct`),
  KEY `idcategorie_idx` (`idcategorie`),
  KEY `fk_btw_idx` (`btw`),
  KEY `idgroep_idx` (`idgroep`) /*!80000 INVISIBLE */,
  KEY `fk_idafbeeldingen_idx` (`idafbeelding`),
  CONSTRAINT `fk_idafbeelding` FOREIGN KEY (`idafbeelding`) REFERENCES `afbeeldingen` (`idafbeeldingen`) ON DELETE CASCADE ON UPDATE CASCADE,
  CONSTRAINT `fk_idbtw` FOREIGN KEY (`btw`) REFERENCES `btw` (`idbtw`) ON DELETE CASCADE ON UPDATE CASCADE,
  CONSTRAINT `idcategorie` FOREIGN KEY (`idcategorie`) REFERENCES `categorie` (`idcategorie`) ON DELETE CASCADE ON UPDATE CASCADE,
  CONSTRAINT `idgroep` FOREIGN KEY (`idgroep`) REFERENCES `groep_product` (`idgroep_product`) ON DELETE CASCADE ON UPDATE CASCADE
) ENGINE=InnoDB AUTO_INCREMENT=16 DEFAULT CHARSET=utf8;
/*!40101 SET character_set_client = @saved_cs_client */;

--
-- Dumping data for table `product`
--

LOCK TABLES `product` WRITE;
/*!40000 ALTER TABLE `product` DISABLE KEYS */;
INSERT INTO `product` VALUES (1,'bananen',6,4,'tros bananen','who knows','winkel3','12456781',5,NULL,NULL),(2,'biefstuk',11,4,'biefstuk','who knows','winkel1','80051640',2,NULL,1),(4,'nutella shoco',5,4,'250g pot nutella shoco','who knows','winkel1','14789532',NULL,NULL,NULL),(5,'okkernoten',5,4,'base2','who knows','winkel1','25897321',6,NULL,NULL),(9,'aardappel',2,4,'zak met aardappelen','who knows','winkel1','24568795',2,NULL,NULL),(10,'maan sticker',12,4,'sticker met maan op','who knows','winkel1','35468796',3,NULL,NULL),(11,'struisvogel',22,4,'struisvogel','who knows','winkel1','98546623',1,NULL,NULL);
/*!40000 ALTER TABLE `product` ENABLE KEYS */;
UNLOCK TABLES;

--
-- Table structure for table `product_bestelling`
--

DROP TABLE IF EXISTS `product_bestelling`;
/*!40101 SET @saved_cs_client     = @@character_set_client */;
 SET character_set_client = utf8mb4 ;
CREATE TABLE `product_bestelling` (
  `idproduct_bestelling` int(11) NOT NULL AUTO_INCREMENT,
  `idbestelling` int(11) NOT NULL,
  `idproduct` int(11) NOT NULL,
  `aantal` int(11) NOT NULL,
  `totaalPrijs` double NOT NULL,
  PRIMARY KEY (`idproduct_bestelling`),
  KEY `fk_bestelling_idx` (`idbestelling`),
  KEY `fk_product_idx` (`idproduct`),
  CONSTRAINT `fk_bestelling` FOREIGN KEY (`idbestelling`) REFERENCES `bestelling` (`idbestelling`) ON DELETE CASCADE ON UPDATE CASCADE,
  CONSTRAINT `fk_product` FOREIGN KEY (`idproduct`) REFERENCES `product` (`idproduct`) ON DELETE CASCADE ON UPDATE CASCADE
) ENGINE=InnoDB DEFAULT CHARSET=utf8;
/*!40101 SET character_set_client = @saved_cs_client */;

--
-- Dumping data for table `product_bestelling`
--

LOCK TABLES `product_bestelling` WRITE;
/*!40000 ALTER TABLE `product_bestelling` DISABLE KEYS */;
/*!40000 ALTER TABLE `product_bestelling` ENABLE KEYS */;
UNLOCK TABLES;

--
-- Table structure for table `product_verrichting`
--

DROP TABLE IF EXISTS `product_verrichting`;
/*!40101 SET @saved_cs_client     = @@character_set_client */;
 SET character_set_client = utf8mb4 ;
CREATE TABLE `product_verrichting` (
  `idproduct_verrichting` int(11) NOT NULL AUTO_INCREMENT,
  `idverrichting` int(11) NOT NULL,
  `idproduct` int(11) NOT NULL,
  `aantal` int(11) NOT NULL,
  PRIMARY KEY (`idproduct_verrichting`),
  KEY `fk_product_idx` (`idproduct`),
  KEY `fk_verrichting_idx` (`idverrichting`),
  CONSTRAINT `fk_product_verrichting` FOREIGN KEY (`idproduct`) REFERENCES `product` (`idproduct`),
  CONSTRAINT `fk_verrichting` FOREIGN KEY (`idverrichting`) REFERENCES `verrichting` (`idverrichting`)
) ENGINE=InnoDB DEFAULT CHARSET=utf8;
/*!40101 SET character_set_client = @saved_cs_client */;

--
-- Dumping data for table `product_verrichting`
--

LOCK TABLES `product_verrichting` WRITE;
/*!40000 ALTER TABLE `product_verrichting` DISABLE KEYS */;
/*!40000 ALTER TABLE `product_verrichting` ENABLE KEYS */;
UNLOCK TABLES;

--
-- Table structure for table `verrichting`
--

DROP TABLE IF EXISTS `verrichting`;
/*!40101 SET @saved_cs_client     = @@character_set_client */;
 SET character_set_client = utf8mb4 ;
CREATE TABLE `verrichting` (
  `idverrichting` int(11) NOT NULL AUTO_INCREMENT,
  `timeStamp` datetime NOT NULL,
  `winkel` varchar(320) NOT NULL,
  `idpersoneel` int(11) NOT NULL,
  `totaalPrijs` double NOT NULL,
  `opmerking` varchar(320) DEFAULT NULL,
  `idklant` int(11) DEFAULT NULL,
  PRIMARY KEY (`idverrichting`),
  KEY `fk_verichting_klant_idx` (`idklant`),
  KEY `fk_verrichting_personeel_idx` (`idpersoneel`),
  CONSTRAINT `fk_verichting_klant` FOREIGN KEY (`idklant`) REFERENCES `klant` (`idklant`),
  CONSTRAINT `fk_verrichting_personeel` FOREIGN KEY (`idpersoneel`) REFERENCES `personeel` (`idpersoneel`) ON UPDATE CASCADE
) ENGINE=InnoDB DEFAULT CHARSET=utf8;
/*!40101 SET character_set_client = @saved_cs_client */;

--
-- Dumping data for table `verrichting`
--

LOCK TABLES `verrichting` WRITE;
/*!40000 ALTER TABLE `verrichting` DISABLE KEYS */;
/*!40000 ALTER TABLE `verrichting` ENABLE KEYS */;
UNLOCK TABLES;

--
-- Dumping routines for database 'kassa'
--
/*!40103 SET TIME_ZONE=@OLD_TIME_ZONE */;

/*!40101 SET SQL_MODE=@OLD_SQL_MODE */;
/*!40014 SET FOREIGN_KEY_CHECKS=@OLD_FOREIGN_KEY_CHECKS */;
/*!40014 SET UNIQUE_CHECKS=@OLD_UNIQUE_CHECKS */;
/*!40101 SET CHARACTER_SET_CLIENT=@OLD_CHARACTER_SET_CLIENT */;
/*!40101 SET CHARACTER_SET_RESULTS=@OLD_CHARACTER_SET_RESULTS */;
/*!40101 SET COLLATION_CONNECTION=@OLD_COLLATION_CONNECTION */;
/*!40111 SET SQL_NOTES=@OLD_SQL_NOTES */;

-- Dump completed on 2019-11-20 13:19:13
